Hex Color,Category
#03051b,Black
#2f030d,Black
#292727,Black
#242427,Black
#141410,Black
#2a181d,Black
#1c1f2f,Black
#2a2f2b,Black
#082b30,Black
#001c04,Black
#211a02,Black
#180524,Black
#0a0032,Black
#261005,Black
#32230f,Black
#2c2f1d,Black
#1f0f2d,Black
#060325,Black
#23300d,Black
#310f13,Black
#241402,Black
#302929,Black
#181403,Black
#270306,Black
#08292c,Black
#131606,Black
#322c2f,Black
#001826,Black
#21021b,Black
#0a261e,Black
#1f3126,Black
#241902,Black
#132518,Black
#280014,Black
#1a0c0d,Black
#0d2f07,Black
#0b1911,Black
#0d0d00,Black
#15221f,Black
#012f08,Black
#23100d,Black
#292e27,Black
#090b17,Black
#2c1d2a,Black
#1d1813,Black
#1b251a,Black
#091908,Black
#1f222a,Black
#222e0f,Black
#142008,Black
#210d02,Black
#130519,Black
#151d1a,Black
#210e20,Black
#27001d,Black
#071d2c,Black
#110f18,Black
#140d05,Black
#0e202e,Black
#181031,Black
#0c1a02,Black
#1f1323,Black
#230c05,Black
#211426,Black
#0b0f22,Black
#222218,Black
#1b2818,Black
#152e22,Black
#2c0109,Black
#291d2c,Black
#222d0b,Black
#250129,Black
#151416,Black
#270503,Black
#021e01,Black
#261906,Black
#031921,Black
#051b19,Black
#0b0926,Black
#2f2d10,Black
#0f1a0a,Black
#161814,Black
#001f11,Black
#262b23,Black
#11270b,Black
#112126,Black
#031b1a,Black
#2b2a17,Black
#0e1608,Black
#15160e,Black
#010921,Black
#060e27,Black
#140931,Black
#161d1d,Black
#322822,Black
#232029,Black
#121829,Black
#1e1603,Black
#052505,Black
#120222,Black
#0b2b25,Black
#250315,Black
#201121,Black
#2a1b0b,Black
#14241e,Black
#272b29,Black
#0a1702,Black
#060030,Black
#2b0027,Black
#1d1e0e,Black
#190305,Black
#102209,Black
#041b0e,Black
#321614,Black
#141807,Black
#030627,Black
#1e2220,Black
#0d2a00,Black
#050717,Black
#1c1a29,Black
#210417,Black
#26141a,Black
#000d2f,Black
#022924,Black
#253222,Black
#270805,Black
#0a2818,Black
#2f2b26,Black
#110c2c,Black
#243101,Black
#201432,Black
#2c1914,Black
#100404,Black
#22070a,Black
#290915,Black
#0e2e01,Black
#0d241a,Black
#32322c,Black
#1e0315,Black
#110b26,Black
#142b26,Black
#0a1403,Black
#322b1a,Black
#04190d,Black
#17122e,Black
#311618,Black
#312a01,Black
#232a27,Black
#010d2f,Black
#210924,Black
#121a0a,Black
#001f09,Black
#2b1411,Black
#031508,Black
#070c2d,Black
#221207,Black
#230428,Black
#190b1b,Black
#291013,Black
#102f28,Black
#02261e,Black
#2d1101,Black
#011e12,Black
#123200,Black
#2e0205,Black
#20140f,Black
#301c32,Black
#113009,Black
#09201b,Black
#2a2020,Black
#271c1a,Black
#1e2502,Black
#230832,Black
#002e32,Black
#061c00,Black
#080f14,Black
#130b2d,Black
#072c1a,Black
#272808,Black
#102f2d,Black
#001104,Black
#130532,Black
#111a16,Black
#2f272b,Black
#2d210a,Black
#0a0a09,Black
#140405,Black
#2e1c2f,Black
#011732,Black
#112907,Black
#1f090b,Black
#1b131b,Black
#2d1732,Black
#262d02,Black
#201514,Black
#2a0400,Black
#2f1130,Black
#2e0a10,Black
#1f0707,Black
#050e03,Black
#f8fdd9,White
#f8edd5,White
#e7dcfb,White
#e7d4e9,White
#c9d8f4,White
#f2f6e2,White
#f4cdde,White
#cfeddc,White
#e4e7d7,White
#d4cdd6,White
#c8ceda,White
#edd9e5,White
#cfddca,White
#d2ffea,White
#cdf2eb,White
#f3f7ff,White
#d4e8cd,White
#d8fdc9,White
#d3fedb,White
#ffe0c9,White
#dcedea,White
#ccfbf1,White
#c8f1d0,White
#dcd4e6,White
#cde9f5,White
#fdf6f1,White
#c8dbea,White
#e9eacf,White
#d6d9eb,White
#cef0ec,White
#cfdcf8,White
#fdd5d4,White
#dfd1dc,White
#f6f7cb,White
#f6d8c9,White
#d1d7db,White
#dde1ef,White
#f8e3c8,White
#d2d3ee,White
#d3e9df,White
#e7f0cf,White
#f0d3f8,White
#d4fee9,White
#cdefe4,White
#c8eada,White
#e9cee7,White
#feecca,White
#f7d3e2,White
#e3ecff,White
#e1f8e6,White
#fff4da,White
#e9ffde,White
#e2e1cc,White
#d8dbff,White
#cbe6d6,White
#d0d0e6,White
#d9dee3,White
#daeeed,White
#e9fcf6,White
#d9d7ee,White
#eafdeb,White
#d1e6d1,White
#c9c9f9,White
#c9eafb,White
#dedff9,White
#cacef8,White
#d5d8d6,White
#e9e1e4,White
#e4e2ea,White
#dadbee,White
#cbe3ca,White
#d3d7e9,White
#fbcee2,White
#e7e9d1,White
#f9f7e4,White
#fdf8d7,White
#d9fddf,White
#c8e1d0,White
#d5e8f3,White
#cdcbf8,White
#e2d4ea,White
#fdf9ff,White
#c9ded1,White
#e2ede0,White
#cdf3f2,White
#e8f1cb,White
#ddcfec,White
#defad6,White
#dae3fd,White
#cdcdec,White
#fad4cb,White
#ffd6d0,White
#e6eee0,White
#e3fcdf,White
#e8e3fd,White
#e1e8fb,White
#fce5fe,White
#ccebd5,White
#d3d4d1,White
#faefd9,White
#ffcaeb,White
#f7f0e6,White
#ebe1d1,White
#e5ebfe,White
#efd9f8,White
#d1cce1,White
#dad0e5,White
#e2e2f3,White
#e4fbcd,White
#e2d2f6,White
#c9d3d7,White
#f8f3d0,White
#cae9ce,White
#e3dacf,White
#dfebce,White
#ffecdd,White
#d1d6cc,White
#dfeed4,White
#dfe1f6,White
#d8cfd0,White
#cfdbfb,White
#dce1cf,White
#ead7db,White
#f1ebee,White
#dccade,White
#dddbe2,White
#eceffa,White
#dddef2,White
#e2dcdf,White
#c9f3ef,White
#f5fceb,White
#edd9d0,White
#f7d6d8,White
#cfd9e2,White
#ebe4eb,White
#e5f5f9,White
#dccbcc,White
#d1cec8,White
#f7eaf1,White
#faedcc,White
#e7d3c8,White
#cff6f0,White
#f6cbde,White
#e4ecdb,White
#d7eece,White
#d9cfea,White
#f8d9dc,White
#e2fdfb,White
#e2cccd,White
#f5efd7,White
#d9d7cc,White
#daf6d5,White
#f6dbcf,White
#cfdfce,White
#ecfefe,White
#cbddfd,White
#ead4e8,White
#fdc8f7,White
#e3d2e0,White
#cacafc,White
#ffcee6,White
#d8cae1,White
#e1dad7,White
#cadae0,White
#d4e4d4,White
#fee5ec,White
#f1e5cb,White
#e4f0f3,White
#fecdd8,White
#eecce3,White
#d0e7cc,White
#eecbcf,White
#f1ebee,White
#f3c9d8,White
#e3e7d8,White
#ece6f8,White
#eedcf5,White
#d1ecd4,White
#e3d4e8,White
#d1fce1,White
#fee1f7,White
#f3ece9,White
#f4e5cf,White
#f5fac8,White
#cfdfff,White
#d3cffc,White
#d2deec,White
#ffd7e8,White
#f9eaf5,White
#d3fcce,White
#dfcbfb,White
#f2ddce,White
#cfd6f5,White
#c9cac8,White
#cfecf9,White
#fcdfeb,White
#ebcedf,White
#e6d0dd,White
#dadbe9,White
#e1dbff,White
#344253,Dark-Gray
#405644,Dark-Gray
#533841,Dark-Gray
#38594f,Dark-Gray
#5c644f,Dark-Gray
#466360,Dark-Gray
#4e643d,Dark-Gray
#384250,Dark-Gray
#354d50,Dark-Gray
#5b4637,Dark-Gray
#324763,Dark-Gray
#33644e,Dark-Gray
#3b6250,Dark-Gray
#51543d,Dark-Gray
#375544,Dark-Gray
#5c4044,Dark-Gray
#5b4055,Dark-Gray
#5d4e47,Dark-Gray
#4c5749,Dark-Gray
#3c3361,Dark-Gray
#5a5a4f,Dark-Gray
#596246,Dark-Gray
#365946,Dark-Gray
#4d5e40,Dark-Gray
#4e5556,Dark-Gray
#54423b,Dark-Gray
#574342,Dark-Gray
#3a4d5a,Dark-Gray
#5e4141,Dark-Gray
#485252,Dark-Gray
#604c3d,Dark-Gray
#625432,Dark-Gray
#526045,Dark-Gray
#5a5f5c,Dark-Gray
#47624d,Dark-Gray
#413349,Dark-Gray
#42324c,Dark-Gray
#414756,Dark-Gray
#416160,Dark-Gray
#4e413a,Dark-Gray
#5e4652,Dark-Gray
#434062,Dark-Gray
#585236,Dark-Gray
#34555d,Dark-Gray
#583c5c,Dark-Gray
#5b4a64,Dark-Gray
#464e4e,Dark-Gray
#533563,Dark-Gray
#3d3d4b,Dark-Gray
#3e3352,Dark-Gray
#384f51,Dark-Gray
#594c60,Dark-Gray
#5e5747,Dark-Gray
#5f3f33,Dark-Gray
#4a5562,Dark-Gray
#4d4c63,Dark-Gray
#324e43,Dark-Gray
#3f5355,Dark-Gray
#5d3a62,Dark-Gray
#384d48,Dark-Gray
#4e3b4b,Dark-Gray
#643b32,Dark-Gray
#584c5b,Dark-Gray
#435759,Dark-Gray
#453733,Dark-Gray
#55383b,Dark-Gray
#544d5e,Dark-Gray
#625347,Dark-Gray
#5a3463,Dark-Gray
#3d4133,Dark-Gray
#4e3a45,Dark-Gray
#373a5f,Dark-Gray
#484f44,Dark-Gray
#5c5d57,Dark-Gray
#3c3b47,Dark-Gray
#49633b,Dark-Gray
#54414a,Dark-Gray
#5e3e52,Dark-Gray
#525f34,Dark-Gray
#3d5436,Dark-Gray
#496450,Dark-Gray
#634b49,Dark-Gray
#624854,Dark-Gray
#4a333c,Dark-Gray
#5f645a,Dark-Gray
#5c4761,Dark-Gray
#595f54,Dark-Gray
#45444e,Dark-Gray
#3c524a,Dark-Gray
#516256,Dark-Gray
#3c4560,Dark-Gray
#534547,Dark-Gray
#354b5f,Dark-Gray
#605837,Dark-Gray
#533843,Dark-Gray
#384e44,Dark-Gray
#455360,Dark-Gray
#415e61,Dark-Gray
#425348,Dark-Gray
#5e4b46,Dark-Gray
#4e615e,Dark-Gray
#404857,Dark-Gray
#3d4f59,Dark-Gray
#374835,Dark-Gray
#453445,Dark-Gray
#603b51,Dark-Gray
#3b3e54,Dark-Gray
#3b6441,Dark-Gray
#4c5355,Dark-Gray
#3f5a32,Dark-Gray
#41334f,Dark-Gray
#35474f,Dark-Gray
#604a5a,Dark-Gray
#475541,Dark-Gray
#5c405a,Dark-Gray
#5b3e50,Dark-Gray
#3c5c3f,Dark-Gray
#4b5663,Dark-Gray
#605f32,Dark-Gray
#5b604b,Dark-Gray
#593e4d,Dark-Gray
#3d4454,Dark-Gray
#603c4b,Dark-Gray
#4a6042,Dark-Gray
#5d4556,Dark-Gray
#3a3350,Dark-Gray
#524841,Dark-Gray
#485d36,Dark-Gray
#5c4a37,Dark-Gray
#5d6246,Dark-Gray
#535345,Dark-Gray
#365e38,Dark-Gray
#5a3b62,Dark-Gray
#574a4b,Dark-Gray
#5c595f,Dark-Gray
#3b3a48,Dark-Gray
#375551,Dark-Gray
#47445e,Dark-Gray
#43473d,Dark-Gray
#3d5856,Dark-Gray
#584a61,Dark-Gray
#4e5945,Dark-Gray
#43484e,Dark-Gray
#354850,Dark-Gray
#5c5b34,Dark-Gray
#543663,Dark-Gray
#3e3e57,Dark-Gray
#373734,Dark-Gray
#505356,Dark-Gray
#483657,Dark-Gray
#424262,Dark-Gray
#3e3d54,Dark-Gray
#575d62,Dark-Gray
#585d3c,Dark-Gray
#4b4f41,Dark-Gray
#4b3f36,Dark-Gray
#32633b,Dark-Gray
#4c5761,Dark-Gray
#5b3864,Dark-Gray
#385e5b,Dark-Gray
#463d41,Dark-Gray
#353841,Dark-Gray
#3d3762,Dark-Gray
#575743,Dark-Gray
#544b4a,Dark-Gray
#4f5244,Dark-Gray
#5d5c5e,Dark-Gray
#574846,Dark-Gray
#603536,Dark-Gray
#533f4f,Dark-Gray
#415f3e,Dark-Gray
#3a3b58,Dark-Gray
#634160,Dark-Gray
#4f4848,Dark-Gray
#425d4e,Dark-Gray
#585764,Dark-Gray
#3f624d,Dark-Gray
#383c53,Dark-Gray
#50363c,Dark-Gray
#4c4347,Dark-Gray
#514f61,Dark-Gray
#5d5154,Dark-Gray
#4a554e,Dark-Gray
#50335b,Dark-Gray
#57443c,Dark-Gray
#34574c,Dark-Gray
#384250,Dark-Gray
#353f45,Dark-Gray
#5a3761,Dark-Gray
#484e5d,Dark-Gray
#4a6449,Dark-Gray
#3e454a,Dark-Gray
#55445c,Dark-Gray
#565664,Dark-Gray
#50613e,Dark-Gray
#424242,Dark-Gray
#575938,Dark-Gray
#355a62,Dark-Gray
#645542,Dark-Gray
#613453,Dark-Gray
#68908c,Gray
#7e8a6a,Gray
#858474,Gray
#82666c,Gray
#7f9583,Gray
#958a79,Gray
#6e7b67,Gray
#718d96,Gray
#837791,Gray
#688c70,Gray
#818f82,Gray
#797d8c,Gray
#918587,Gray
#947b77,Gray
#82966b,Gray
#68678c,Gray
#7b8396,Gray
#836d95,Gray
#78846d,Gray
#6a7a6f,Gray
#88767b,Gray
#917e70,Gray
#958b88,Gray
#80677d,Gray
#777f7a,Gray
#819291,Gray
#66696e,Gray
#76847e,Gray
#84818e,Gray
#6d8582,Gray
#918b93,Gray
#848768,Gray
#796467,Gray
#747e7c,Gray
#75657a,Gray
#8e826b,Gray
#848784,Gray
#786987,Gray
#706d6a,Gray
#8c6473,Gray
#806c8e,Gray
#847370,Gray
#6d7471,Gray
#6b8965,Gray
#778474,Gray
#839472,Gray
#8b897a,Gray
#66798c,Gray
#859565,Gray
#856a65,Gray
#697c7a,Gray
#879196,Gray
#876b92,Gray
#837a8d,Gray
#83706f,Gray
#8b7b83,Gray
#78946b,Gray
#7b8087,Gray
#8c6986,Gray
#829383,Gray
#857c8a,Gray
#767069,Gray
#818887,Gray
#886d6b,Gray
#80658f,Gray
#87846b,Gray
#696e83,Gray
#83736a,Gray
#7a7169,Gray
#738f8a,Gray
#856d7c,Gray
#806a67,Gray
#6e6795,Gray
#858f7c,Gray
#808b8c,Gray
#737773,Gray
#6d6696,Gray
#659268,Gray
#8d766d,Gray
#81938d,Gray
#71926a,Gray
#887e6a,Gray
#72907a,Gray
#967384,Gray
#6f8794,Gray
#6a686a,Gray
#70808c,Gray
#916a8d,Gray
#647c7a,Gray
#6d7a70,Gray
#7b7b64,Gray
#78728e,Gray
#6b7d67,Gray
#70736d,Gray
#936b8b,Gray
#6b8c93,Gray
#969172,Gray
#89908d,Gray
#86696f,Gray
#646b7e,Gray
#8f8a89,Gray
#7e8273,Gray
#8e666d,Gray
#827677,Gray
#938b65,Gray
#94957a,Gray
#64877c,Gray
#7b966d,Gray
#918389,Gray
#967576,Gray
#7e647e,Gray
#647273,Gray
#77728e,Gray
#868d7e,Gray
#7a6692,Gray
#7a8264,Gray
#817b69,Gray
#658f90,Gray
#956978,Gray
#7c758e,Gray
#967180,Gray
#7b8096,Gray
#8a7c6b,Gray
#6b8778,Gray
#91906c,Gray
#699466,Gray
#89898b,Gray
#816e65,Gray
#797174,Gray
#769179,Gray
#6c8e78,Gray
#85947d,Gray
#6f8064,Gray
#646968,Gray
#7e8a67,Gray
#968087,Gray
#767a6e,Gray
#866c7b,Gray
#7b7667,Gray
#93817b,Gray
#926b69,Gray
#8c8882,Gray
#6c757f,Gray
#67958c,Gray
#818172,Gray
#747b66,Gray
#7a826e,Gray
#869095,Gray
#8d7a66,Gray
#939094,Gray
#6b6794,Gray
#71966d,Gray
#90918b,Gray
#789581,Gray
#826593,Gray
#656995,Gray
#6e7971,Gray
#709089,Gray
#6d676c,Gray
#7e6b94,Gray
#648395,Gray
#788289,Gray
#796669,Gray
#7f6d6d,Gray
#84866a,Gray
#8a817c,Gray
#6b7e67,Gray
#717d6c,Gray
#68897d,Gray
#8f7680,Gray
#86656e,Gray
#8c657f,Gray
#839380,Gray
#677283,Gray
#736678,Gray
#6e9494,Gray
#967270,Gray
#68877a,Gray
#7a9390,Gray
#6a8670,Gray
#69767f,Gray
#68658a,Gray
#6c8d81,Gray
#937e78,Gray
#867e76,Gray
#649296,Gray
#677869,Gray
#857173,Gray
#857e6c,Gray
#856a7b,Gray
#80867e,Gray
#6e708e,Gray
#878589,Gray
#93706e,Gray
#718376,Gray
#73737f,Gray
#658f8a,Gray
#718e66,Gray
#686781,Gray
#7e7665,Gray
#b9a4b4,Light-Gray
#b5bba2,Light-Gray
#bea4ae,Light-Gray
#c7bea0,Light-Gray
#b3a5b6,Light-Gray
#afa2bb,Light-Gray
#97a597,Light-Gray
#c6aa9b,Light-Gray
#b8abab,Light-Gray
#a1c5a3,Light-Gray
#b5c8c1,Light-Gray
#c2b59e,Light-Gray
#bfaa9c,Light-Gray
#9c96b8,Light-Gray
#a3a59e,Light-Gray
#c7ba97,Light-Gray
#afa0be,Light-Gray
#bcc2a2,Light-Gray
#c0b3c6,Light-Gray
#a2c4b0,Light-Gray
#9f99be,Light-Gray
#a396ad,Light-Gray
#98c5b5,Light-Gray
#9fbea8,Light-Gray
#9db5b6,Light-Gray
#96b5b0,Light-Gray
#b0a5a6,Light-Gray
#a596a6,Light-Gray
#b9b7ab,Light-Gray
#adc799,Light-Gray
#b8aebd,Light-Gray
#c5b7ab,Light-Gray
#a698c5,Light-Gray
#a196c6,Light-Gray
#97ad9c,Light-Gray
#b8c5a9,Light-Gray
#c0c1c1,Light-Gray
#b89d98,Light-Gray
#aaa5a1,Light-Gray
#97b6a8,Light-Gray
#b2b6bc,Light-Gray
#b999c3,Light-Gray
#c0afb3,Light-Gray
#b89ec0,Light-Gray
#b6b4c1,Light-Gray
#bb9dba,Light-Gray
#aea8a8,Light-Gray
#97acb3,Light-Gray
#adacb0,Light-Gray
#a7c4a7,Light-Gray
#aca2c1,Light-Gray
#b89cc8,Light-Gray
#9dc1be,Light-Gray
#aebba8,Light-Gray
#b79ec8,Light-Gray
#b1b8b1,Light-Gray
#bcc49f,Light-Gray
#bb9b99,Light-Gray
#a3bac5,Light-Gray
#a099a0,Light-Gray
#a6a6c2,Light-Gray
#a098b6,Light-Gray
#a6a7c3,Light-Gray
#b49aa7,Light-Gray
#c8b2b0,Light-Gray
#acb49d,Light-Gray
#b49ba0,Light-Gray
#bba3c7,Light-Gray
#c3b7b2,Light-Gray
#9bacaf,Light-Gray
#afa597,Light-Gray
#9f97ad,Light-Gray
#a89da2,Light-Gray
#b4a9bf,Light-Gray
#99c4a8,Light-Gray
#b0a1a1,Light-Gray
#baafbf,Light-Gray
#bf9ba7,Light-Gray
#9997b4,Light-Gray
#aec0ba,Light-Gray
#b0b999,Light-Gray
#b5abc5,Light-Gray
#9bc0b9,Light-Gray
#a9b5c8,Light-Gray
#c3b7a2,Light-Gray
#979caa,Light-Gray
#ac9eac,Light-Gray
#beb2b6,Light-Gray
#b8b896,Light-Gray
#9eafc6,Light-Gray
#a6a29c,Light-Gray
#a49fa5,Light-Gray
#a3bcab,Light-Gray
#aac5c3,Light-Gray
#b19ba0,Light-Gray
#a59fa2,Light-Gray
#9c9ac0,Light-Gray
#a59fa9,Light-Gray
#bba5ae,Light-Gray
#c3aec4,Light-Gray
#999fbc,Light-Gray
#c2a89a,Light-Gray
#a3c6a9,Light-Gray
#a6a2c1,Light-Gray
#9e9da7,Light-Gray
#c796bc,Light-Gray
#acc1b9,Light-Gray
#a6b8b6,Light-Gray
#a2a8c6,Light-Gray
#b7c3b5,Light-Gray
#a4bdbe,Light-Gray
#a49cb5,Light-Gray
#a1b6a9,Light-Gray
#a3b69e,Light-Gray
#aba7c3,Light-Gray
#c2bea0,Light-Gray
#c5a4c1,Light-Gray
#c5a5bf,Light-Gray
#a2a8c0,Light-Gray
#bfb3bc,Light-Gray
#b1b7b8,Light-Gray
#c2a6b6,Light-Gray
#bca4a9,Light-Gray
#b9c7ac,Light-Gray
#c697c8,Light-Gray
#9fc4b4,Light-Gray
#a0bbc7,Light-Gray
#b09cc0,Light-Gray
#9dc297,Light-Gray
#acc4a3,Light-Gray
#bbabc4,Light-Gray
#bcc7b9,Light-Gray
#9c9fae,Light-Gray
#bba89d,Light-Gray
#96bd9f,Light-Gray
#b2bec6,Light-Gray
#a39cbb,Light-Gray
#c0bdc2,Light-Gray
#9ec7c5,Light-Gray
#c5b7ad,Light-Gray
#c1b9b4,Light-Gray
#9dbec0,Light-Gray
#ad98a1,Light-Gray
#abb1c5,Light-Gray
#a7c3c0,Light-Gray
#b2aab5,Light-Gray
#c29eaf,Light-Gray
#aca0ac,Light-Gray
#aebf9b,Light-Gray
#969c9c,Light-Gray
#bd9fa6,Light-Gray
#a7c6b3,Light-Gray
#aaacc7,Light-Gray
#9fab9a,Light-Gray
#adadba,Light-Gray
#97aebf,Light-Gray
#c39fc6,Light-Gray
#99a598,Light-Gray
#96b5b0,Light-Gray
#a3a3c7,Light-Gray
#abbcac,Light-Gray
#c3a396,Light-Gray
#97c4a3,Light-Gray
#a6a5b8,Light-Gray
#a0c4bd,Light-Gray
#be999f,Light-Gray
#aaa3a2,Light-Gray
#9fb4a3,Light-Gray
#a0a1a5,Light-Gray
#c2abc6,Light-Gray
#c0aeaa,Light-Gray
#ad98b7,Light-Gray
#9da1b2,Light-Gray
#989ab7,Light-Gray
#a6c5a3,Light-Gray
#9d9aa6,Light-Gray
#c29f97,Light-Gray
#9b9cbf,Light-Gray
#97acae,Light-Gray
#aac7c2,Light-Gray
#bbaf9f,Light-Gray
#aea5c4,Light-Gray
#c2c09a,Light-Gray
#9db89e,Light-Gray
#b1ae9a,Light-Gray
#9ea7ae,Light-Gray
#a1a4c5,Light-Gray
#c7b5c0,Light-Gray
#9fb1c2,Light-Gray
#a8bba8,Light-Gray
#b8ae98,Light-Gray
#97c69d,Light-Gray
#a4bcac,Light-Gray
#9fbbc1,Light-Gray
#b7a0be,Light-Gray
#c0a3b6,Light-Gray
#b5aab4,Light-Gray
#a4bab3,Light-Gray
#c5b4c6,Light-Gray
#bbbd9c,Light-Gray
#000078,Dark-Blue
#00007d,Dark-Blue
#00006f,Dark-Blue
#000080,Dark-Blue
#00007f,Dark-Blue
#000080,Dark-Blue
#000082,Dark-Blue
#000075,Dark-Blue
#00006b,Dark-Blue
#00006a,Dark-Blue
#000087,Dark-Blue
#000064,Dark-Blue
#00006b,Dark-Blue
#000075,Dark-Blue
#00007d,Dark-Blue
#000087,Dark-Blue
#000082,Dark-Blue
#000067,Dark-Blue
#000064,Dark-Blue
#000084,Dark-Blue
#000089,Dark-Blue
#000086,Dark-Blue
#000064,Dark-Blue
#000064,Dark-Blue
#000089,Dark-Blue
#000068,Dark-Blue
#000088,Dark-Blue
#000075,Dark-Blue
#000081,Dark-Blue
#000073,Dark-Blue
#00008b,Dark-Blue
#00006e,Dark-Blue
#000079,Dark-Blue
#00006e,Dark-Blue
#000088,Dark-Blue
#000072,Dark-Blue
#000081,Dark-Blue
#000064,Dark-Blue
#00006d,Dark-Blue
#000086,Dark-Blue
#000076,Dark-Blue
#000085,Dark-Blue
#000065,Dark-Blue
#000081,Dark-Blue
#00008a,Dark-Blue
#000071,Dark-Blue
#000079,Dark-Blue
#000071,Dark-Blue
#00007e,Dark-Blue
#00006a,Dark-Blue
#000073,Dark-Blue
#00007a,Dark-Blue
#00006f,Dark-Blue
#000084,Dark-Blue
#000070,Dark-Blue
#00007b,Dark-Blue
#000067,Dark-Blue
#00007e,Dark-Blue
#000085,Dark-Blue
#000081,Dark-Blue
#00006d,Dark-Blue
#000082,Dark-Blue
#00006b,Dark-Blue
#000071,Dark-Blue
#00006e,Dark-Blue
#000075,Dark-Blue
#00007b,Dark-Blue
#000076,Dark-Blue
#00007d,Dark-Blue
#00007b,Dark-Blue
#00006d,Dark-Blue
#000084,Dark-Blue
#000068,Dark-Blue
#000068,Dark-Blue
#000078,Dark-Blue
#00008a,Dark-Blue
#000064,Dark-Blue
#000067,Dark-Blue
#000066,Dark-Blue
#00006b,Dark-Blue
#00006e,Dark-Blue
#000069,Dark-Blue
#000079,Dark-Blue
#00007b,Dark-Blue
#000077,Dark-Blue
#000068,Dark-Blue
#000073,Dark-Blue
#000064,Dark-Blue
#000067,Dark-Blue
#000066,Dark-Blue
#000081,Dark-Blue
#000070,Dark-Blue
#000083,Dark-Blue
#00008b,Dark-Blue
#000065,Dark-Blue
#00006d,Dark-Blue
#000076,Dark-Blue
#000077,Dark-Blue
#00008b,Dark-Blue
#000080,Dark-Blue
#00006a,Dark-Blue
#000082,Dark-Blue
#000067,Dark-Blue
#00006b,Dark-Blue
#000069,Dark-Blue
#000080,Dark-Blue
#000084,Dark-Blue
#00006d,Dark-Blue
#00006c,Dark-Blue
#00006f,Dark-Blue
#000081,Dark-Blue
#000072,Dark-Blue
#000068,Dark-Blue
#000077,Dark-Blue
#00007b,Dark-Blue
#000083,Dark-Blue
#000085,Dark-Blue
#00007e,Dark-Blue
#000077,Dark-Blue
#000073,Dark-Blue
#00007e,Dark-Blue
#000089,Dark-Blue
#00008b,Dark-Blue
#000068,Dark-Blue
#000068,Dark-Blue
#000084,Dark-Blue
#000065,Dark-Blue
#000084,Dark-Blue
#000081,Dark-Blue
#000072,Dark-Blue
#000064,Dark-Blue
#00008b,Dark-Blue
#000088,Dark-Blue
#000071,Dark-Blue
#000077,Dark-Blue
#000086,Dark-Blue
#000069,Dark-Blue
#000078,Dark-Blue
#00006f,Dark-Blue
#00006c,Dark-Blue
#00006c,Dark-Blue
#000068,Dark-Blue
#000076,Dark-Blue
#000080,Dark-Blue
#000065,Dark-Blue
#000069,Dark-Blue
#000084,Dark-Blue
#00007d,Dark-Blue
#00006e,Dark-Blue
#00006a,Dark-Blue
#000078,Dark-Blue
#00008a,Dark-Blue
#000069,Dark-Blue
#000066,Dark-Blue
#00006b,Dark-Blue
#00006b,Dark-Blue
#000084,Dark-Blue
#000088,Dark-Blue
#000072,Dark-Blue
#00006e,Dark-Blue
#000085,Dark-Blue
#000067,Dark-Blue
#000069,Dark-Blue
#00006d,Dark-Blue
#000064,Dark-Blue
#000071,Dark-Blue
#000085,Dark-Blue
#00008a,Dark-Blue
#000068,Dark-Blue
#00007e,Dark-Blue
#00006b,Dark-Blue
#000066,Dark-Blue
#00006e,Dark-Blue
#000069,Dark-Blue
#000079,Dark-Blue
#00007d,Dark-Blue
#000077,Dark-Blue
#00006d,Dark-Blue
#000071,Dark-Blue
#00007a,Dark-Blue
#000082,Dark-Blue
#000065,Dark-Blue
#000066,Dark-Blue
#00006c,Dark-Blue
#000069,Dark-Blue
#00006d,Dark-Blue
#000080,Dark-Blue
#00006c,Dark-Blue
#00006a,Dark-Blue
#00007d,Dark-Blue
#000073,Dark-Blue
#000067,Dark-Blue
#000080,Dark-Blue
#000083,Dark-Blue
#000084,Dark-Blue
#000079,Dark-Blue
#00006d,Dark-Blue
#000069,Dark-Blue
#000074,Dark-Blue
#00006f,Dark-Blue
#0000ed,Blue
#0000c9,Blue
#0000eb,Blue
#0000ee,Blue
#0000d1,Blue
#0000e3,Blue
#0000fe,Blue
#0000d3,Blue
#0000e3,Blue
#0000fd,Blue
#0000d9,Blue
#0000ed,Blue
#0000e8,Blue
#0000fe,Blue
#0000ef,Blue
#0000ea,Blue
#0000fe,Blue
#0000ed,Blue
#0000ed,Blue
#0000e9,Blue
#0000d5,Blue
#0000fe,Blue
#0000d5,Blue
#0000f2,Blue
#0000f0,Blue
#0000eb,Blue
#0000fb,Blue
#0000fb,Blue
#0000fa,Blue
#0000d3,Blue
#0000fb,Blue
#0000e5,Blue
#0000e3,Blue
#0000e0,Blue
#0000e6,Blue
#0000cf,Blue
#0000ce,Blue
#0000d7,Blue
#0000e2,Blue
#0000e6,Blue
#0000e0,Blue
#0000d2,Blue
#0000e8,Blue
#0000d2,Blue
#0000d0,Blue
#0000d3,Blue
#0000ec,Blue
#0000f8,Blue
#0000d9,Blue
#0000f8,Blue
#0000f7,Blue
#0000e2,Blue
#0000fa,Blue
#0000e2,Blue
#0000fe,Blue
#0000f1,Blue
#0000eb,Blue
#0000f8,Blue
#0000f4,Blue
#0000d8,Blue
#0000d1,Blue
#0000ed,Blue
#0000e6,Blue
#0000f0,Blue
#0000f8,Blue
#0000fb,Blue
#0000cc,Blue
#0000f9,Blue
#0000e7,Blue
#0000d3,Blue
#0000f6,Blue
#0000d1,Blue
#0000f2,Blue
#0000e2,Blue
#0000ea,Blue
#0000f5,Blue
#0000ea,Blue
#0000d5,Blue
#0000ca,Blue
#0000e5,Blue
#0000d4,Blue
#0000fa,Blue
#0000f2,Blue
#0000dc,Blue
#0000e2,Blue
#0000f7,Blue
#0000fc,Blue
#0000d7,Blue
#0000fb,Blue
#0000d0,Blue
#0000eb,Blue
#0000eb,Blue
#0000cc,Blue
#0000cd,Blue
#0000e3,Blue
#0000db,Blue
#0000f3,Blue
#0000f7,Blue
#0000d5,Blue
#0000e0,Blue
#0000dd,Blue
#0000da,Blue
#0000cb,Blue
#0000fb,Blue
#0000cb,Blue
#0000c8,Blue
#0000eb,Blue
#0000ec,Blue
#0000ca,Blue
#0000ca,Blue
#0000d7,Blue
#0000ff,Blue
#0000e2,Blue
#0000e6,Blue
#0000f2,Blue
#0000f5,Blue
#0000d6,Blue
#0000e9,Blue
#0000d3,Blue
#0000ef,Blue
#0000c8,Blue
#0000da,Blue
#0000f7,Blue
#0000c9,Blue
#0000cf,Blue
#0000d9,Blue
#0000d7,Blue
#0000fa,Blue
#0000fa,Blue
#0000ee,Blue
#0000f0,Blue
#0000e0,Blue
#0000f9,Blue
#0000cc,Blue
#0000cf,Blue
#0000ed,Blue
#0000f4,Blue
#0000fe,Blue
#0000df,Blue
#0000e6,Blue
#0000e7,Blue
#0000e2,Blue
#0000fc,Blue
#0000f2,Blue
#0000e7,Blue
#0000e0,Blue
#0000dd,Blue
#0000cb,Blue
#0000c8,Blue
#0000e9,Blue
#0000fa,Blue
#0000cd,Blue
#0000e6,Blue
#0000fd,Blue
#0000d8,Blue
#0000d4,Blue
#0000f7,Blue
#0000d2,Blue
#0000fc,Blue
#0000cb,Blue
#0000d8,Blue
#0000d0,Blue
#0000d7,Blue
#0000dc,Blue
#0000d9,Blue
#0000e1,Blue
#0000e9,Blue
#0000dd,Blue
#0000ef,Blue
#0000f2,Blue
#0000e5,Blue
#0000e7,Blue
#0000f0,Blue
#0000cf,Blue
#0000e6,Blue
#0000e0,Blue
#0000f8,Blue
#0000d8,Blue
#0000db,Blue
#0000cb,Blue
#0000f8,Blue
#0000cb,Blue
#0000ee,Blue
#0000e9,Blue
#0000fb,Blue
#0000e5,Blue
#0000f8,Blue
#0000f3,Blue
#0000d2,Blue
#0000e7,Blue
#0000f8,Blue
#0000ec,Blue
#0000e2,Blue
#0000e6,Blue
#0000de,Blue
#0000d5,Blue
#0000fd,Blue
#0000ec,Blue
#0000fb,Blue
#0000eb,Blue
#badce6,Light-Blue
#b6dff9,Light-Blue
#ade6fb,Light-Blue
#bae4fc,Light-Blue
#b9e0f7,Light-Blue
#b5daea,Light-Blue
#bce7ed,Light-Blue
#b7defa,Light-Blue
#b1eaf4,Light-Blue
#bbebeb,Light-Blue
#b0e6eb,Light-Blue
#bbe8e8,Light-Blue
#ade1e8,Light-Blue
#bcdcf1,Light-Blue
#b2eaea,Light-Blue
#b5dbe9,Light-Blue
#bee6ed,Light-Blue
#b3eee8,Light-Blue
#b5e8f6,Light-Blue
#aee2f8,Light-Blue
#bdd9fc,Light-Blue
#bddafb,Light-Blue
#adeeeb,Light-Blue
#aedbf6,Light-Blue
#bae5fb,Light-Blue
#add8e6,Light-Blue
#bddee7,Light-Blue
#bfe2fa,Light-Blue
#afdaed,Light-Blue
#b8d9e9,Light-Blue
#afdcf1,Light-Blue
#aeeff6,Light-Blue
#bedaec,Light-Blue
#addcf8,Light-Blue
#aee1ef,Light-Blue
#b3daf2,Light-Blue
#b8e0fe,Light-Blue
#baeaf5,Light-Blue
#b5edf3,Light-Blue
#b9d9e7,Light-Blue
#b7ddf1,Light-Blue
#b0e4fa,Light-Blue
#b6deeb,Light-Blue
#b6e8f4,Light-Blue
#b7e1ff,Light-Blue
#b0d9f4,Light-Blue
#baeef3,Light-Blue
#aeedf8,Light-Blue
#bee7fe,Light-Blue
#b2e8f3,Light-Blue
#b2e5f3,Light-Blue
#bdeefb,Light-Blue
#bbddf8,Light-Blue
#beeefd,Light-Blue
#bae3fc,Light-Blue
#b3e1f3,Light-Blue
#b2e4e9,Light-Blue
#b3eaf5,Light-Blue
#b2e0f4,Light-Blue
#b0ece8,Light-Blue
#adedfb,Light-Blue
#badaf9,Light-Blue
#b2e6f9,Light-Blue
#bbdef6,Light-Blue
#b4e4fe,Light-Blue
#aee2fc,Light-Blue
#afe1f0,Light-Blue
#b5e4fe,Light-Blue
#b7dde6,Light-Blue
#bde9fd,Light-Blue
#b3e2f6,Light-Blue
#b7e4f4,Light-Blue
#b9daf3,Light-Blue
#bfdef2,Light-Blue
#b5eaee,Light-Blue
#b0d9e8,Light-Blue
#aedfe8,Light-Blue
#b8d9e7,Light-Blue
#afeaf2,Light-Blue
#b2e4f1,Light-Blue
#bae4fe,Light-Blue
#b6d9e7,Light-Blue
#bee4fd,Light-Blue
#afdaf6,Light-Blue
#baebfd,Light-Blue
#b9e2f1,Light-Blue
#adebeb,Light-Blue
#b4ebee,Light-Blue
#bfdce8,Light-Blue
#bbe5f1,Light-Blue
#b3e3f4,Light-Blue
#bae0fe,Light-Blue
#b9e9f7,Light-Blue
#b1dded,Light-Blue
#b4edfb,Light-Blue
#bee5f3,Light-Blue
#b9e4fa,Light-Blue
#bceaea,Light-Blue
#bce6f3,Light-Blue
#b8defd,Light-Blue
#bfd9f4,Light-Blue
#bbe4f3,Light-Blue
#b6e0f2,Light-Blue
#aeedfb,Light-Blue
#aeedf4,Light-Blue
#b5e2ef,Light-Blue
#b5e1f4,Light-Blue
#b4d9e6,Light-Blue
#b1d8fa,Light-Blue
#bbd9eb,Light-Blue
#b2daee,Light-Blue
#bce7f0,Light-Blue
#bfdaf2,Light-Blue
#afe3f8,Light-Blue
#b9e0ef,Light-Blue
#bceee9,Light-Blue
#b5e9fc,Light-Blue
#bfebee,Light-Blue
#bae8ef,Light-Blue
#bce6ea,Light-Blue
#aedffd,Light-Blue
#b2edef,Light-Blue
#bde0f1,Light-Blue
#ade5eb,Light-Blue
#bad9e8,Light-Blue
#b7eae6,Light-Blue
#bbe0ed,Light-Blue
#b0ddf0,Light-Blue
#b4e4ef,Light-Blue
#b7dcf0,Light-Blue
#b5ebf6,Light-Blue
#b5d9ea,Light-Blue
#bfdbf9,Light-Blue
#b4e7e7,Light-Blue
#b4e7e9,Light-Blue
#adebf4,Light-Blue
#bddbf9,Light-Blue
#bce5f4,Light-Blue
#b8dffd,Light-Blue
#ade9ed,Light-Blue
#b8eaf4,Light-Blue
#b9e1e8,Light-Blue
#b1d8f7,Light-Blue
#b0e7ea,Light-Blue
#bde7ed,Light-Blue
#ade1fc,Light-Blue
#bdd8fc,Light-Blue
#bae6e9,Light-Blue
#aedfec,Light-Blue
#bae4f4,Light-Blue
#bbeef3,Light-Blue
#b6e5e7,Light-Blue
#beebfd,Light-Blue
#b9d8f5,Light-Blue
#aee4f4,Light-Blue
#b8e1fe,Light-Blue
#bde7ed,Light-Blue
#afe6eb,Light-Blue
#b2e9ed,Light-Blue
#b0ddee,Light-Blue
#b2e3f3,Light-Blue
#aedaf9,Light-Blue
#bde0ef,Light-Blue
#bdeaef,Light-Blue
#bfd8f6,Light-Blue
#bfdfef,Light-Blue
#b6e9fa,Light-Blue
#addcef,Light-Blue
#b1def3,Light-Blue
#b9dfed,Light-Blue
#b0eff8,Light-Blue
#aedff5,Light-Blue
#b5daf5,Light-Blue
#b3e4f0,Light-Blue
#b4e2f6,Light-Blue
#b7e1e9,Light-Blue
#b9e7ef,Light-Blue
#baedea,Light-Blue
#bde9fc,Light-Blue
#bbe5f4,Light-Blue
#bbddf8,Light-Blue
#bfdaea,Light-Blue
#bbdcfa,Light-Blue
#b5defc,Light-Blue
#bedff5,Light-Blue
#adedff,Light-Blue
#aee8fb,Light-Blue
#b6ddfd,Light-Blue
#bbe5f3,Light-Blue
#b2e6f8,Light-Blue
#b7ebe6,Light-Blue
#b0eaea,Light-Blue
#b0ebf1,Light-Blue
#bedbf6,Light-Blue
#bfd8f7,Light-Blue
#b0dcf3,Light-Blue
#b4dfe6,Light-Blue
#b0e8f8,Light-Blue
#b4efeb,Light-Blue
#bde9f1,Light-Blue
#46230c,Dark-Brown
#3f1e0e,Dark-Brown
#3d2c0e,Dark-Brown
#50210c,Dark-Brown
#512b0c,Dark-Brown
#4b2c0b,Dark-Brown
#54240e,Dark-Brown
#532c0a,Dark-Brown
#551f0d,Dark-Brown
#55240f,Dark-Brown
#4f2d0d,Dark-Brown
#54250e,Dark-Brown
#54210e,Dark-Brown
#4b2d0f,Dark-Brown
#4a280b,Dark-Brown
#52240f,Dark-Brown
#562c0c,Dark-Brown
#4c2b0d,Dark-Brown
#441e0a,Dark-Brown
#452c0b,Dark-Brown
#4f210a,Dark-Brown
#4e2d0c,Dark-Brown
#51250c,Dark-Brown
#4b230b,Dark-Brown
#422d0d,Dark-Brown
#3f1f0a,Dark-Brown
#4b220f,Dark-Brown
#3c2c0d,Dark-Brown
#471e0d,Dark-Brown
#57230d,Dark-Brown
#50200c,Dark-Brown
#43200a,Dark-Brown
#52260f,Dark-Brown
#59230f,Dark-Brown
#412a0d,Dark-Brown
#47280f,Dark-Brown
#581e0a,Dark-Brown
#521e0e,Dark-Brown
#51200d,Dark-Brown
#40210f,Dark-Brown
#46240d,Dark-Brown
#412c0f,Dark-Brown
#50220c,Dark-Brown
#4d200c,Dark-Brown
#56280d,Dark-Brown
#53290b,Dark-Brown
#3d220f,Dark-Brown
#3e200f,Dark-Brown
#3c240d,Dark-Brown
#45230b,Dark-Brown
#4f2d0f,Dark-Brown
#4d200c,Dark-Brown
#3c250d,Dark-Brown
#432c0a,Dark-Brown
#531f0c,Dark-Brown
#5a260b,Dark-Brown
#47260d,Dark-Brown
#4d250f,Dark-Brown
#432b0f,Dark-Brown
#4d240f,Dark-Brown
#42290c,Dark-Brown
#421f0a,Dark-Brown
#4c290d,Dark-Brown
#421f0a,Dark-Brown
#40200c,Dark-Brown
#3e280b,Dark-Brown
#43270a,Dark-Brown
#45200c,Dark-Brown
#3d1f0f,Dark-Brown
#46200a,Dark-Brown
#4f240e,Dark-Brown
#4f210c,Dark-Brown
#42290b,Dark-Brown
#52220a,Dark-Brown
#581e0a,Dark-Brown
#3c230a,Dark-Brown
#49220a,Dark-Brown
#592d0b,Dark-Brown
#50260f,Dark-Brown
#452a0f,Dark-Brown
#51280f,Dark-Brown
#47280d,Dark-Brown
#4a2a0c,Dark-Brown
#51200b,Dark-Brown
#53250d,Dark-Brown
#3e270d,Dark-Brown
#47210c,Dark-Brown
#55290b,Dark-Brown
#48230d,Dark-Brown
#3f2c0d,Dark-Brown
#43260f,Dark-Brown
#51270d,Dark-Brown
#502b0e,Dark-Brown
#55220a,Dark-Brown
#5a210a,Dark-Brown
#48270c,Dark-Brown
#50210a,Dark-Brown
#3f260e,Dark-Brown
#4a1e0a,Dark-Brown
#492b0b,Dark-Brown
#402c0f,Dark-Brown
#561f0c,Dark-Brown
#4a290c,Dark-Brown
#3f290f,Dark-Brown
#59270f,Dark-Brown
#4a240d,Dark-Brown
#44240a,Dark-Brown
#44260c,Dark-Brown
#4f210d,Dark-Brown
#551f0f,Dark-Brown
#52210d,Dark-Brown
#3e250c,Dark-Brown
#512b0a,Dark-Brown
#40220f,Dark-Brown
#4f2a0d,Dark-Brown
#3c2a0b,Dark-Brown
#54230c,Dark-Brown
#3f240d,Dark-Brown
#51220b,Dark-Brown
#58270b,Dark-Brown
#442d0f,Dark-Brown
#49200d,Dark-Brown
#4b1f0b,Dark-Brown
#431f0c,Dark-Brown
#482d0c,Dark-Brown
#4b250d,Dark-Brown
#3f230e,Dark-Brown
#58200c,Dark-Brown
#42280f,Dark-Brown
#5a250d,Dark-Brown
#49200f,Dark-Brown
#4c290a,Dark-Brown
#47260d,Dark-Brown
#4b2c0f,Dark-Brown
#4e260c,Dark-Brown
#562b0a,Dark-Brown
#412b0e,Dark-Brown
#45200a,Dark-Brown
#541f0a,Dark-Brown
#54200e,Dark-Brown
#4c210b,Dark-Brown
#48270e,Dark-Brown
#3c250f,Dark-Brown
#58250b,Dark-Brown
#48270b,Dark-Brown
#53200d,Dark-Brown
#3d2c0c,Dark-Brown
#502b0c,Dark-Brown
#47240c,Dark-Brown
#53220a,Dark-Brown
#481e0f,Dark-Brown
#44210a,Dark-Brown
#4c240d,Dark-Brown
#542a0b,Dark-Brown
#43260f,Dark-Brown
#3f260e,Dark-Brown
#522a0d,Dark-Brown
#3f280e,Dark-Brown
#51290c,Dark-Brown
#46230b,Dark-Brown
#58250e,Dark-Brown
#3d270b,Dark-Brown
#3e290b,Dark-Brown
#5a200d,Dark-Brown
#48230d,Dark-Brown
#3e2d0c,Dark-Brown
#52200e,Dark-Brown
#4b200b,Dark-Brown
#441f0a,Dark-Brown
#3f200e,Dark-Brown
#48260c,Dark-Brown
#3c250e,Dark-Brown
#3d2a0b,Dark-Brown
#43210f,Dark-Brown
#3c1e0d,Dark-Brown
#452c0d,Dark-Brown
#442a0f,Dark-Brown
#52270e,Dark-Brown
#45290c,Dark-Brown
#41240e,Dark-Brown
#5a2c0c,Dark-Brown
#3d270a,Dark-Brown
#44280b,Dark-Brown
#43260e,Dark-Brown
#53220a,Dark-Brown
#56250f,Dark-Brown
#4c280c,Dark-Brown
#52210d,Dark-Brown
#531e0e,Dark-Brown
#40250e,Dark-Brown
#43270c,Dark-Brown
#4e240f,Dark-Brown
#44220c,Dark-Brown
#472b0d,Dark-Brown
#4a280a,Dark-Brown
#56240e,Dark-Brown
#512b0d,Dark-Brown
#3f260a,Dark-Brown
#431f0c,Dark-Brown
#3c210e,Dark-Brown
#974f21,Brown
#8e4813,Brown
#a04d17,Brown
#9c4728,Brown
#98501a,Brown
#9e4b17,Brown
#9d5115,Brown
#92462d,Brown
#9f4e2a,Brown
#944824,Brown
#93521c,Brown
#94522a,Brown
#99472b,Brown
#945226,Brown
#9d4d16,Brown
#8d4726,Brown
#924725,Brown
#8d4f18,Brown
#914814,Brown
#8d5028,Brown
#a04e2d,Brown
#9f4a27,Brown
#9b4e22,Brown
#9f4e1c,Brown
#8f4d27,Brown
#9f5023,Brown
#8f4e1b,Brown
#9c4920,Brown
#9d471d,Brown
#9e5229,Brown
#964929,Brown
#974c28,Brown
#8e4527,Brown
#a04e15,Brown
#9a4d20,Brown
#904c29,Brown
#9e4925,Brown
#914d1e,Brown
#97482a,Brown
#a04827,Brown
#914917,Brown
#975021,Brown
#94451f,Brown
#96481d,Brown
#9f4d14,Brown
#9b5113,Brown
#9b4f25,Brown
#8f4728,Brown
#98521a,Brown
#904d2b,Brown
#9b4a22,Brown
#98491a,Brown
#924a2d,Brown
#8c5227,Brown
#9e491d,Brown
#a05029,Brown
#91461d,Brown
#9f4a2b,Brown
#914520,Brown
#96451b,Brown
#99491f,Brown
#9d4a18,Brown
#904a24,Brown
#974b1e,Brown
#914a24,Brown
#8e5124,Brown
#8e4e28,Brown
#9e4a28,Brown
#984d1f,Brown
#984b1b,Brown
#9f4d2a,Brown
#94462d,Brown
#974919,Brown
#8c4729,Brown
#9a4818,Brown
#98452d,Brown
#8d4914,Brown
#9f4614,Brown
#904a14,Brown
#9d4d23,Brown
#8d4b2b,Brown
#9c481f,Brown
#964e18,Brown
#9e492d,Brown
#964c15,Brown
#8e4614,Brown
#924b18,Brown
#9c4b1f,Brown
#91461f,Brown
#8c4818,Brown
#8d4813,Brown
#9f4c29,Brown
#9a5128,Brown
#914f17,Brown
#934d23,Brown
#9b4c16,Brown
#8b4729,Brown
#9d502d,Brown
#934d26,Brown
#9e4915,Brown
#91502c,Brown
#8b4a2b,Brown
#98501c,Brown
#9f4629,Brown
#935018,Brown
#974b25,Brown
#904c21,Brown
#944927,Brown
#954e1b,Brown
#9c4a16,Brown
#8c5126,Brown
#8b4728,Brown
#8c4a1e,Brown
#924d2a,Brown
#9f4913,Brown
#974622,Brown
#9a4b1f,Brown
#9d4924,Brown
#8d4e13,Brown
#904714,Brown
#974615,Brown
#8c4b1c,Brown
#8f5015,Brown
#9b521a,Brown
#97461f,Brown
#8d4e22,Brown
#8f452a,Brown
#8d512a,Brown
#9c522b,Brown
#95512d,Brown
#965219,Brown
#984a14,Brown
#9c482a,Brown
#8c4d28,Brown
#8e5023,Brown
#994d2b,Brown
#9f4f24,Brown
#9e4b2d,Brown
#9a4621,Brown
#9a5222,Brown
#a04629,Brown
#9f4b15,Brown
#97512a,Brown
#964a24,Brown
#90461f,Brown
#90492c,Brown
#955219,Brown
#904c2a,Brown
#9b4b29,Brown
#8f501b,Brown
#9f4d2c,Brown
#8f4c20,Brown
#974a23,Brown
#974c27,Brown
#9f4d23,Brown
#a04617,Brown
#964a18,Brown
#9d4918,Brown
#8b472b,Brown
#8f4815,Brown
#984727,Brown
#8e4e1d,Brown
#95472a,Brown
#994c2c,Brown
#8b4f24,Brown
#8d4817,Brown
#8d4b21,Brown
#8d4c14,Brown
#9a4c1b,Brown
#904d24,Brown
#9c4614,Brown
#904521,Brown
#9b4d25,Brown
#9b5028,Brown
#9f4f1b,Brown
#935224,Brown
#a04c26,Brown
#9c501e,Brown
#a0452a,Brown
#944e22,Brown
#8d491a,Brown
#954d2d,Brown
#95471e,Brown
#8b472b,Brown
#964a14,Brown
#8f5220,Brown
#955229,Brown
#9b5018,Brown
#935125,Brown
#8b4b2d,Brown
#9f4e1b,Brown
#934a28,Brown
#9a4d14,Brown
#995128,Brown
#8b4d1f,Brown
#99521e,Brown
#93461a,Brown
#994c1b,Brown
#94491d,Brown
#8d5218,Brown
#fbf9d0,Cream
#f8fcd0,Cream
#f5f5d0,Cream
#f5fdd0,Cream
#f8fdd0,Cream
#f8fad0,Cream
#fdf6d0,Cream
#fdf8d0,Cream
#f6f9d0,Cream
#fff5d0,Cream
#fefad0,Cream
#fff8d0,Cream
#fbf9d0,Cream
#f9fbd0,Cream
#fdf9d0,Cream
#fef9d0,Cream
#fef7d0,Cream
#f7fbd0,Cream
#fcfad0,Cream
#f8fdd0,Cream
#f8f5d0,Cream
#fff6d0,Cream
#f6f8d0,Cream
#f8f9d0,Cream
#fbfcd0,Cream
#f9f6d0,Cream
#fdf5d0,Cream
#f6f5d0,Cream
#fbf5d0,Cream
#fef9d0,Cream
#f7f7d0,Cream
#fff7d0,Cream
#f6f5d0,Cream
#fdf9d0,Cream
#fdf7d0,Cream
#f6fad0,Cream
#fffcd0,Cream
#fcfad0,Cream
#f5f9d0,Cream
#fcf7d0,Cream
#fbfcd0,Cream
#fdfad0,Cream
#fefdd0,Cream
#fcf9d0,Cream
#fbfad0,Cream
#faf8d0,Cream
#fcf9d0,Cream
#f6f5d0,Cream
#f5f6d0,Cream
#fbf7d0,Cream
#f9fdd0,Cream
#f7f7d0,Cream
#fefbd0,Cream
#f8fbd0,Cream
#fef6d0,Cream
#fdf9d0,Cream
#fefbd0,Cream
#fafcd0,Cream
#fff8d0,Cream
#fcf6d0,Cream
#f5f8d0,Cream
#fbf5d0,Cream
#f9f8d0,Cream
#f8f5d0,Cream
#fefbd0,Cream
#fafbd0,Cream
#fcf8d0,Cream
#f9f7d0,Cream
#fafad0,Cream
#f7f9d0,Cream
#f9fbd0,Cream
#f6fdd0,Cream
#f7f9d0,Cream
#f6fcd0,Cream
#f5f7d0,Cream
#f9fad0,Cream
#fafbd0,Cream
#fff9d0,Cream
#fafcd0,Cream
#f7f8d0,Cream
#fefcd0,Cream
#fafdd0,Cream
#fdf7d0,Cream
#fdf8d0,Cream
#f8f6d0,Cream
#fafbd0,Cream
#f9fad0,Cream
#fff8d0,Cream
#f9f9d0,Cream
#fdf7d0,Cream
#fbf7d0,Cream
#fff9d0,Cream
#fafbd0,Cream
#f7fad0,Cream
#f9f5d0,Cream
#f9f9d0,Cream
#fbf6d0,Cream
#fcfbd0,Cream
#f6f8d0,Cream
#fafbd0,Cream
#fff7d0,Cream
#f8f6d0,Cream
#f9fcd0,Cream
#fffdd0,Cream
#faf5d0,Cream
#f6fbd0,Cream
#fef5d0,Cream
#fcf9d0,Cream
#fcfbd0,Cream
#fef8d0,Cream
#f5fad0,Cream
#faf9d0,Cream
#fef7d0,Cream
#fff7d0,Cream
#f5f5d0,Cream
#f8fcd0,Cream
#f5fad0,Cream
#fbfdd0,Cream
#f6fbd0,Cream
#f9f6d0,Cream
#f5f5d0,Cream
#f9f5d0,Cream
#faf9d0,Cream
#f6fad0,Cream
#fcfcd0,Cream
#f5f8d0,Cream
#fff8d0,Cream
#fcf7d0,Cream
#fef7d0,Cream
#f5fdd0,Cream
#fdf6d0,Cream
#f9f8d0,Cream
#f5fad0,Cream
#fefdd0,Cream
#fdfbd0,Cream
#f7f7d0,Cream
#f6f9d0,Cream
#f7f7d0,Cream
#fdf6d0,Cream
#f8f7d0,Cream
#fef5d0,Cream
#f7fdd0,Cream
#fef9d0,Cream
#fcf7d0,Cream
#fef9d0,Cream
#fbf6d0,Cream
#fbf7d0,Cream
#f5fcd0,Cream
#fdfad0,Cream
#f9fbd0,Cream
#faf9d0,Cream
#fbfdd0,Cream
#f8f6d0,Cream
#fefad0,Cream
#f5f5d0,Cream
#f7f7d0,Cream
#fef6d0,Cream
#f5f5d0,Cream
#f9fdd0,Cream
#f9f6d0,Cream
#fcf6d0,Cream
#f9fbd0,Cream
#fcfdd0,Cream
#f5fdd0,Cream
#fdf5d0,Cream
#f8f9d0,Cream
#f8fbd0,Cream
#f5fdd0,Cream
#fafbd0,Cream
#f8fcd0,Cream
#fcf8d0,Cream
#fcfbd0,Cream
#faf7d0,Cream
#faf8d0,Cream
#f5f8d0,Cream
#fbf5d0,Cream
#f7f8d0,Cream
#f8fad0,Cream
#f5fdd0,Cream
#fdfbd0,Cream
#fefdd0,Cream
#fafad0,Cream
#fdf8d0,Cream
#f9f7d0,Cream
#fdf9d0,Cream
#fafdd0,Cream
#f8f6d0,Cream
#f8f6d0,Cream
#fcf5d0,Cream
#f5f5d0,Cream
#fcfcd0,Cream
#fefcd0,Cream
#f7f7d0,Cream
#fdf6d0,Cream
#fbf5d0,Cream
#fdfdd0,Cream
#fff7d0,Cream
#fdf8d0,Cream
#fbf6d0,Cream
#fcf8d0,Cream
#9b2004,Dark-Red
#960708,Dark-Red
#a02505,Dark-Red
#8b2623,Dark-Red
#9c0b0a,Dark-Red
#960b0a,Dark-Red
#9d0511,Dark-Red
#990213,Dark-Red
#a42a27,Dark-Red
#8b0f16,Dark-Red
#941b24,Dark-Red
#900d13,Dark-Red
#8f0621,Dark-Red
#952113,Dark-Red
#8e1816,Dark-Red
#8d061e,Dark-Red
#8b1119,Dark-Red
#8c1110,Dark-Red
#95111c,Dark-Red
#981e1e,Dark-Red
#940801,Dark-Red
#a00e21,Dark-Red
#8b1a1d,Dark-Red
#991213,Dark-Red
#9b212a,Dark-Red
#9a031a,Dark-Red
#99150f,Dark-Red
#971613,Dark-Red
#a50b15,Dark-Red
#910b17,Dark-Red
#95121a,Dark-Red
#9f0920,Dark-Red
#9e220a,Dark-Red
#951d0e,Dark-Red
#9c0c29,Dark-Red
#a42722,Dark-Red
#931205,Dark-Red
#9b0107,Dark-Red
#8f0328,Dark-Red
#962a08,Dark-Red
#902716,Dark-Red
#8d212a,Dark-Red
#940513,Dark-Red
#9a2508,Dark-Red
#98231e,Dark-Red
#910015,Dark-Red
#a00602,Dark-Red
#a1001d,Dark-Red
#920219,Dark-Red
#8f0c1b,Dark-Red
#94251f,Dark-Red
#980b13,Dark-Red
#9a0106,Dark-Red
#9a2104,Dark-Red
#8d0913,Dark-Red
#98151d,Dark-Red
#9b0f23,Dark-Red
#9a0a02,Dark-Red
#990b08,Dark-Red
#8c0914,Dark-Red
#940f24,Dark-Red
#a4061d,Dark-Red
#a41920,Dark-Red
#9c091e,Dark-Red
#9c0920,Dark-Red
#a10b09,Dark-Red
#9d0701,Dark-Red
#98001f,Dark-Red
#8f290b,Dark-Red
#a21e12,Dark-Red
#9a0015,Dark-Red
#9a1425,Dark-Red
#962424,Dark-Red
#932019,Dark-Red
#91200c,Dark-Red
#8e0511,Dark-Red
#9a1325,Dark-Red
#8f0313,Dark-Red
#98101e,Dark-Red
#8e1f1d,Dark-Red
#921a28,Dark-Red
#8d1d16,Dark-Red
#9e1723,Dark-Red
#a40b01,Dark-Red
#a20f2a,Dark-Red
#9c0503,Dark-Red
#a30309,Dark-Red
#90041f,Dark-Red
#a41c1a,Dark-Red
#97181c,Dark-Red
#a51924,Dark-Red
#8b2523,Dark-Red
#9e0e05,Dark-Red
#8f1c0e,Dark-Red
#922a12,Dark-Red
#9f0507,Dark-Red
#91080e,Dark-Red
#981a17,Dark-Red
#8b0c1a,Dark-Red
#910208,Dark-Red
#97121b,Dark-Red
#9b1a01,Dark-Red
#990814,Dark-Red
#9d1708,Dark-Red
#9a1517,Dark-Red
#8c0f07,Dark-Red
#a01614,Dark-Red
#901112,Dark-Red
#a3041e,Dark-Red
#8b0917,Dark-Red
#8e071e,Dark-Red
#900326,Dark-Red
#a21d1a,Dark-Red
#98011e,Dark-Red
#920a11,Dark-Red
#a11626,Dark-Red
#942323,Dark-Red
#970a09,Dark-Red
#902225,Dark-Red
#a11e08,Dark-Red
#991c14,Dark-Red
#96131e,Dark-Red
#981704,Dark-Red
#9b1a24,Dark-Red
#9b211d,Dark-Red
#972326,Dark-Red
#9b1622,Dark-Red
#980e03,Dark-Red
#a0101e,Dark-Red
#8f230f,Dark-Red
#a01c0e,Dark-Red
#8c2102,Dark-Red
#900804,Dark-Red
#a32a16,Dark-Red
#93221b,Dark-Red
#8c1c10,Dark-Red
#9a1f0f,Dark-Red
#9b2528,Dark-Red
#94050c,Dark-Red
#a11e15,Dark-Red
#8c0403,Dark-Red
#9a142a,Dark-Red
#9f270f,Dark-Red
#8e021e,Dark-Red
#8d110d,Dark-Red
#8b0711,Dark-Red
#9c0604,Dark-Red
#a32319,Dark-Red
#961223,Dark-Red
#9c0515,Dark-Red
#980513,Dark-Red
#a01a1d,Dark-Red
#9d1e20,Dark-Red
#961519,Dark-Red
#8f1208,Dark-Red
#8d070f,Dark-Red
#a31610,Dark-Red
#970702,Dark-Red
#8b0f05,Dark-Red
#94150d,Dark-Red
#8c1826,Dark-Red
#920f26,Dark-Red
#8b2103,Dark-Red
#921214,Dark-Red
#9c1907,Dark-Red
#8b2918,Dark-Red
#91280a,Dark-Red
#951b02,Dark-Red
#a00c00,Dark-Red
#961611,Dark-Red
#9a0317,Dark-Red
#900023,Dark-Red
#a21b0a,Dark-Red
#a30326,Dark-Red
#8e2400,Dark-Red
#a1241c,Dark-Red
#960618,Dark-Red
#93092a,Dark-Red
#8e0a01,Dark-Red
#9e1422,Dark-Red
#980001,Dark-Red
#a1011c,Dark-Red
#930b0f,Dark-Red
#951719,Dark-Red
#92240a,Dark-Red
#970e04,Dark-Red
#a21706,Dark-Red
#91291e,Dark-Red
#8e2320,Dark-Red
#9e1405,Dark-Red
#9e191e,Dark-Red
#9b1304,Dark-Red
#9b1416,Dark-Red
#98171f,Dark-Red
#9e140d,Dark-Red
#94181e,Dark-Red
#8f221f,Dark-Red
#93150e,Dark-Red
#8d1b27,Dark-Red
#952925,Dark-Red
#ff3d20,Red
#ff382f,Red
#ff452c,Red
#ff0a29,Red
#ff2b13,Red
#ff1508,Red
#ff620a,Red
#ff4b1b,Red
#ff1a22,Red
#ff5404,Red
#ff5247,Red
#ff4d2b,Red
#ff3808,Red
#ff321c,Red
#ff3d10,Red
#ff1e2d,Red
#ff2341,Red
#ff4241,Red
#ff0446,Red
#ff513c,Red
#ff0741,Red
#ff3e14,Red
#ff2025,Red
#ff1f42,Red
#ff5f1a,Red
#ff003b,Red
#ff1901,Red
#ff0517,Red
#ff5402,Red
#ff5c19,Red
#ff3c38,Red
#ff0b32,Red
#ff0829,Red
#ff053d,Red
#ff5c1b,Red
#ff2f1c,Red
#ff5b39,Red
#ff2229,Red
#ff1506,Red
#ff3208,Red
#ff2046,Red
#ff4118,Red
#ff002a,Red
#ff5310,Red
#ff3104,Red
#ff4535,Red
#ff1b12,Red
#ff1128,Red
#ff4003,Red
#ff212c,Red
#ff0a21,Red
#ff2829,Red
#ff0300,Red
#ff0830,Red
#ff5713,Red
#ff1d0d,Red
#ff5400,Red
#ff1f19,Red
#ff201a,Red
#ff3f09,Red
#ff5c0c,Red
#ff410e,Red
#ff4734,Red
#ff160e,Red
#ff2408,Red
#ff040d,Red
#ff3212,Red
#ff5b1e,Red
#ff1d05,Red
#ff4f3a,Red
#ff0135,Red
#ff2a2a,Red
#ff4f09,Red
#ff2909,Red
#ff1a34,Red
#ff4909,Red
#ff5b03,Red
#ff1e2f,Red
#ff1834,Red
#ff2b29,Red
#ff350c,Red
#ff5e0f,Red
#ff012c,Red
#ff093b,Red
#ff4d24,Red
#ff3d02,Red
#ff1f06,Red
#ff4b47,Red
#ff0025,Red
#ff5c39,Red
#ff1a26,Red
#ff581a,Red
#ff6103,Red
#ff2127,Red
#ff512b,Red
#ff4703,Red
#ff501b,Red
#ff5c08,Red
#ff6117,Red
#ff5037,Red
#ff4616,Red
#ff3828,Red
#ff6009,Red
#ff1e0c,Red
#ff5d1b,Red
#ff5b1a,Red
#ff1846,Red
#ff5721,Red
#ff1312,Red
#ff2636,Red
#ff2d33,Red
#ff021c,Red
#ff5420,Red
#ff330c,Red
#ff5a35,Red
#ff3d1f,Red
#ff2306,Red
#ff061c,Red
#ff1237,Red
#ff3124,Red
#ff1521,Red
#ff0521,Red
#ff5414,Red
#ff3342,Red
#ff1a3c,Red
#ff2e20,Red
#ff6340,Red
#ff0744,Red
#ff2513,Red
#ff530c,Red
#ff352d,Red
#ff5c1b,Red
#ff363e,Red
#ff4742,Red
#ff0e39,Red
#ff1c00,Red
#ff5b0e,Red
#ff591d,Red
#ff5f36,Red
#ff5737,Red
#ff2834,Red
#ff1d28,Red
#ff3613,Red
#ff5f20,Red
#ff463a,Red
#ff2727,Red
#ff0f08,Red
#ff4132,Red
#ff5f35,Red
#ff1c11,Red
#ff413a,Red
#ff3b3f,Red
#ff4420,Red
#ff2d38,Red
#ff5c25,Red
#ff530a,Red
#ff172a,Red
#ff2d34,Red
#ff1405,Red
#ff3d44,Red
#ff2729,Red
#ff031d,Red
#ff4d3c,Red
#ff310f,Red
#ff4c34,Red
#ff5f34,Red
#ff1c3f,Red
#ff1f02,Red
#ff1b27,Red
#ff4c47,Red
#ff5746,Red
#ff1f09,Red
#ff112a,Red
#ff6107,Red
#ff2234,Red
#ff2f0a,Red
#ff313d,Red
#ff1547,Red
#ff0916,Red
#ff2e44,Red
#ff4a3b,Red
#ff143c,Red
#ff4a07,Red
#ff470a,Red
#ff3c22,Red
#ff2f2f,Red
#ff0b31,Red
#ff2523,Red
#ff5b42,Red
#ff3206,Red
#ff093a,Red
#ff2d2b,Red
#ff3517,Red
#ff210b,Red
#ff3533,Red
#ff4f01,Red
#ff583d,Red
#ff0921,Red
#ff0e03,Red
#ff1014,Red
#ffb3b4,Light-Red
#ffa9a1,Light-Red
#ffa195,Light-Red
#ffb294,Light-Red
#ffa997,Light-Red
#ffa281,Light-Red
#ffb0bf,Light-Red
#ffaba2,Light-Red
#ffa1be,Light-Red
#ffb48c,Light-Red
#ffa8b6,Light-Red
#ffa792,Light-Red
#ffae92,Light-Red
#ffa5b8,Light-Red
#ffaeae,Light-Red
#ffaaaf,Light-Red
#ffaf9d,Light-Red
#ffa7b5,Light-Red
#ffa597,Light-Red
#ffaf84,Light-Red
#ffa6bd,Light-Red
#ffb082,Light-Red
#ffa5aa,Light-Red
#ffa7a7,Light-Red
#ffaa7d,Light-Red
#ffb297,Light-Red
#ffb2a3,Light-Red
#ffb07c,Light-Red
#ffa996,Light-Red
#ffb390,Light-Red
#ffb191,Light-Red
#ffb1bf,Light-Red
#ffaea1,Light-Red
#ffa988,Light-Red
#ffa788,Light-Red
#ffa18a,Light-Red
#ffb0ab,Light-Red
#ffa5bf,Light-Red
#ffaf94,Light-Red
#ffada7,Light-Red
#ffafa6,Light-Red
#ffaa92,Light-Red
#ffb4bc,Light-Red
#ffaba0,Light-Red
#ffa27c,Light-Red
#ffac9b,Light-Red
#ffacbe,Light-Red
#ffa6c1,Light-Red
#ffa78f,Light-Red
#ffb27f,Light-Red
#ffa5a8,Light-Red
#ffa38c,Light-Red
#ffae90,Light-Red
#ffafa8,Light-Red
#ffa185,Light-Red
#ffb4c0,Light-Red
#ffa48c,Light-Red
#ffa6ae,Light-Red
#ffad81,Light-Red
#ffa194,Light-Red
#ffa87a,Light-Red
#ffabbc,Light-Red
#ffa6a8,Light-Red
#ffa689,Light-Red
#ffb49d,Light-Red
#ffa491,Light-Red
#ffa393,Light-Red
#ffaf9a,Light-Red
#ffb2ab,Light-Red
#ffa3a9,Light-Red
#ffb07b,Light-Red
#ffb27d,Light-Red
#ffb27c,Light-Red
#ffb4c0,Light-Red
#ffa77b,Light-Red
#ffb58b,Light-Red
#ffa3b1,Light-Red
#ffaead,Light-Red
#ffa591,Light-Red
#ffa2aa,Light-Red
#ffa0b4,Light-Red
#ffa18f,Light-Red
#ffa8b0,Light-Red
#ffb583,Light-Red
#ffa4a2,Light-Red
#ffa3b9,Light-Red
#ffa0b5,Light-Red
#ffa68c,Light-Red
#ffb0bb,Light-Red
#ffb67d,Light-Red
#ffb0b4,Light-Red
#ffa58e,Light-Red
#ffa4b7,Light-Red
#ffa38e,Light-Red
#ffa689,Light-Red
#ffaebf,Light-Red
#ffa8b9,Light-Red
#ffa47a,Light-Red
#ffa787,Light-Red
#ffb582,Light-Red
#ffaab7,Light-Red
#ffabbf,Light-Red
#ffa5c0,Light-Red
#ffa9a5,Light-Red
#ffa3bd,Light-Red
#ffadad,Light-Red
#ffa2b1,Light-Red
#ffa2a0,Light-Red
#ffb3a1,Light-Red
#ffa28a,Light-Red
#ffb381,Light-Red
#ffa6b3,Light-Red
#ffaeb8,Light-Red
#ffb098,Light-Red
#ffb4a6,Light-Red
#ffb498,Light-Red
#ffb581,Light-Red
#ffa68c,Light-Red
#ffa9a6,Light-Red
#ffb67b,Light-Red
#ffaf7b,Light-Red
#ffa98d,Light-Red
#ffa2ad,Light-Red
#ffb69d,Light-Red
#ffa296,Light-Red
#ffb49e,Light-Red
#ffb4ae,Light-Red
#ffb0ae,Light-Red
#ffb692,Light-Red
#ffb09c,Light-Red
#ffaebb,Light-Red
#ffa882,Light-Red
#ffa9b1,Light-Red
#ffa1b5,Light-Red
#ffa87e,Light-Red
#ffa7a5,Light-Red
#ffb5b9,Light-Red
#ffa4b9,Light-Red
#ffa47d,Light-Red
#ffa09b,Light-Red
#ffa490,Light-Red
#ffb1c1,Light-Red
#ffb198,Light-Red
#ffb5b3,Light-Red
#ffb5b6,Light-Red
#ffb5a9,Light-Red
#ffa89e,Light-Red
#ffa9a3,Light-Red
#ffaca3,Light-Red
#ffa07d,Light-Red
#ffb6b5,Light-Red
#ffad9b,Light-Red
#ffa5af,Light-Red
#ffb298,Light-Red
#ffa9b7,Light-Red
#ffb193,Light-Red
#ffb3b1,Light-Red
#ffa7b8,Light-Red
#ffa381,Light-Red
#ffb67d,Light-Red
#ffab89,Light-Red
#ffa39e,Light-Red
#ffa8b1,Light-Red
#ffa485,Light-Red
#ffaba3,Light-Red
#ffa59d,Light-Red
#ffa38b,Light-Red
#ffaf80,Light-Red
#ffa0ba,Light-Red
#ffb4bc,Light-Red
#ffa884,Light-Red
#ffa1ac,Light-Red
#ffb2b7,Light-Red
#ffa1c0,Light-Red
#ffb0a4,Light-Red
#ffa991,Light-Red
#ffa47b,Light-Red
#ffaf81,Light-Red
#ffa496,Light-Red
#ffa893,Light-Red
#ffb0a3,Light-Red
#ffb3a6,Light-Red
#ffa6a9,Light-Red
#ffa1aa,Light-Red
#ffaa90,Light-Red
#ffaf8d,Light-Red
#ffa6bb,Light-Red
#ffaf9c,Light-Red
#ffa6b2,Light-Red
#ffa78f,Light-Red
#ffaa96,Light-Red
#ffa47c,Light-Red
#ffac90,Light-Red
#ffab8d,Light-Red
#ffb27d,Light-Red
#ffb5a7,Light-Red
#ffacb9,Light-Red
#ffac8c,Light-Red
#ffad8b,Light-Red
#ffa5a5,Light-Red
#ffb8ca,Pink
#ffbcc2,Pink
#ffb7c6,Pink
#ffbcca,Pink
#ffc0c1,Pink
#ffb6c6,Pink
#ffbac4,Pink
#ffbbc2,Pink
#ffb8c5,Pink
#ffbec7,Pink
#ffb9c6,Pink
#ffbfc4,Pink
#ffbac1,Pink
#ffb9c2,Pink
#ffbbc6,Pink
#ffb9c9,Pink
#ffbbc4,Pink
#ffc0c6,Pink
#ffb8c9,Pink
#ffbfc5,Pink
#ffc0c3,Pink
#ffb8c8,Pink
#ffbac8,Pink
#ffbcc3,Pink
#ffbfc4,Pink
#ffbacb,Pink
#ffb7c5,Pink
#ffb9c9,Pink
#ffbac9,Pink
#ffc0c6,Pink
#ffbec8,Pink
#ffbcc7,Pink
#ffbbc5,Pink
#ffbac2,Pink
#ffbcc6,Pink
#ffbec8,Pink
#ffbcc4,Pink
#ffb7c5,Pink
#ffbcc9,Pink
#ffbfcb,Pink
#ffbdc1,Pink
#ffbec3,Pink
#ffbbc4,Pink
#ffb9c5,Pink
#ffbec9,Pink
#ffb8c8,Pink
#ffbac9,Pink
#ffb7c4,Pink
#ffb8cb,Pink
#ffbcc1,Pink
#ffbfcb,Pink
#ffbdc1,Pink
#ffb8c8,Pink
#ffbfc1,Pink
#ffbbc9,Pink
#ffb9c7,Pink
#ffb9c9,Pink
#ffbfc1,Pink
#ffb6ca,Pink
#ffbfc7,Pink
#ffc0c2,Pink
#ffbec7,Pink
#ffb8c6,Pink
#ffc0cb,Pink
#ffbdcb,Pink
#ffbac8,Pink
#ffbec7,Pink
#ffbdc6,Pink
#ffbcc3,Pink
#ffbfc6,Pink
#ffbfc5,Pink
#ffbec8,Pink
#ffbec8,Pink
#ffb9c2,Pink
#ffbdc2,Pink
#ffb6c7,Pink
#ffb6c8,Pink
#ffbac3,Pink
#ffb6c4,Pink
#ffbac8,Pink
#ffb9c7,Pink
#ffb6c1,Pink
#ffb6c8,Pink
#ffbcc8,Pink
#ffb8c4,Pink
#ffbdcb,Pink
#ffc0c9,Pink
#ffbcc2,Pink
#ffb7c2,Pink
#ffbfc1,Pink
#ffbfc5,Pink
#ffb7ca,Pink
#ffbdcb,Pink
#ffb9c3,Pink
#ffbbc5,Pink
#ffbbc3,Pink
#ffb8c4,Pink
#ffbbc6,Pink
#ffbcc9,Pink
#ffbfc7,Pink
#ffc0c8,Pink
#ffb6c6,Pink
#ffb8c3,Pink
#ffc0c6,Pink
#ffb7c5,Pink
#ffc0c5,Pink
#ffbbc9,Pink
#ffbdc5,Pink
#ffbac1,Pink
#ffb6cb,Pink
#ffbec1,Pink
#ffbecb,Pink
#ffb7c6,Pink
#ffb9c4,Pink
#ffbbcb,Pink
#ffbdc8,Pink
#ffbac1,Pink
#ffb7c8,Pink
#ffb7c8,Pink
#ffbcc5,Pink
#ffbbc7,Pink
#ffb8c9,Pink
#ffb6c6,Pink
#ffbac5,Pink
#ffb7c9,Pink
#ffbec5,Pink
#ffb9c7,Pink
#ffb6ca,Pink
#ffbcc6,Pink
#ffbdca,Pink
#ffbac1,Pink
#ffb6c6,Pink
#ffbfc5,Pink
#ffbcc2,Pink
#ffbccb,Pink
#ffb8c8,Pink
#ffbbcb,Pink
#ffb7c7,Pink
#ffb6c8,Pink
#ffbccb,Pink
#ffbccb,Pink
#ffbac6,Pink
#ffb6c4,Pink
#ffb9c2,Pink
#ffc0ca,Pink
#ffb9c6,Pink
#ffb6c9,Pink
#ffbec8,Pink
#ffbfc5,Pink
#ffb7c1,Pink
#ffbbcb,Pink
#ffb6c7,Pink
#ffbecb,Pink
#ffb9c2,Pink
#ffbdc7,Pink
#ffb9c4,Pink
#ffb6c2,Pink
#ffb7c4,Pink
#ffb6c6,Pink
#ffbac8,Pink
#ffbec3,Pink
#ffc0c4,Pink
#ffbdc6,Pink
#ffb8c1,Pink
#ffbacb,Pink
#ffc0c1,Pink
#ffbbc3,Pink
#ffb7ca,Pink
#ffb8c9,Pink
#ffbdc3,Pink
#ffb9c1,Pink
#ffb9c9,Pink
#ffb6ca,Pink
#ffbcc5,Pink
#ffb8c8,Pink
#ffb9c6,Pink
#ffb7c7,Pink
#ffc0c7,Pink
#ffbcc1,Pink
#ffbfcb,Pink
#ffbeca,Pink
#ffc0c4,Pink
#ffb7c1,Pink
#ffb8c4,Pink
#ffbbc4,Pink
#ffbdc7,Pink
#ffbec4,Pink
#ffb8c1,Pink
#ffbec1,Pink
#ffb9c6,Pink
#ffbac9,Pink
#ffbec8,Pink
#ffbac6,Pink
#ffb9c6,Pink
#ffbaca,Pink
#ffb6c2,Pink
#ffb8c7,Pink
#ffb7c7,Pink
#ffbfc3,Pink
#ffbac2,Pink
#8d0388,Purple
#8806e9,Purple
#9f1ac8,Purple
#881e8c,Purple
#86069d,Purple
#9409b5,Purple
#911db1,Purple
#8407a4,Purple
#940fc1,Purple
#8208dc,Purple
#8c1bd0,Purple
#80109e,Purple
#9919d8,Purple
#9d0da0,Purple
#950de8,Purple
#8202e6,Purple
#8b1a87,Purple
#9b12c9,Purple
#921ebe,Purple
#9b07a6,Purple
#8f04b4,Purple
#8709db,Purple
#9919d7,Purple
#830bca,Purple
#9807ae,Purple
#811f97,Purple
#8803d7,Purple
#9905a6,Purple
#8c05aa,Purple
#8f18ea,Purple
#9f0291,Purple
#8b00ca,Purple
#9e01b6,Purple
#940dea,Purple
#9f19ef,Purple
#8c0b9f,Purple
#9119ba,Purple
#9b149f,Purple
#8715e2,Purple
#861181,Purple
#9911ce,Purple
#810791,Purple
#821fbd,Purple
#9005e6,Purple
#9812cf,Purple
#901eca,Purple
#8809ae,Purple
#8c04c9,Purple
#900aeb,Purple
#891ae2,Purple
#8704bc,Purple
#98198d,Purple
#8a0c8b,Purple
#951ab8,Purple
#971ced,Purple
#851ac6,Purple
#9c18ca,Purple
#980db1,Purple
#8c09e5,Purple
#981b84,Purple
#9d01d9,Purple
#8301cf,Purple
#9d1291,Purple
#80169e,Purple
#8119de,Purple
#900def,Purple
#9d16ad,Purple
#8a20c4,Purple
#850b9f,Purple
#8204a5,Purple
#950685,Purple
#8917dd,Purple
#99088a,Purple
#850191,Purple
#811abf,Purple
#9e1ec2,Purple
#8e1d9b,Purple
#9016e0,Purple
#881ab6,Purple
#9401bc,Purple
#8c01f0,Purple
#8f1296,Purple
#9c00e6,Purple
#961eee,Purple
#9c0ecc,Purple
#8f18c3,Purple
#9204c8,Purple
#990bd3,Purple
#861ea7,Purple
#831897,Purple
#8203e2,Purple
#9f0282,Purple
#9d1e96,Purple
#99088e,Purple
#8903ef,Purple
#9204b1,Purple
#8d07c8,Purple
#9c10b4,Purple
#971ccd,Purple
#8603e3,Purple
#8507dc,Purple
#9714d9,Purple
#8916ed,Purple
#9001c9,Purple
#8c0e87,Purple
#9b17c5,Purple
#a01ec7,Purple
#9811a4,Purple
#951fc4,Purple
#9f03ab,Purple
#830bef,Purple
#8518ac,Purple
#8c05b6,Purple
#8817cb,Purple
#8416b2,Purple
#810ef0,Purple
#9401c0,Purple
#a00fa9,Purple
#8d04c8,Purple
#940e9d,Purple
#870ad0,Purple
#8f08df,Purple
#870fde,Purple
#8417c8,Purple
#8c1be4,Purple
#8b0fb0,Purple
#8804ca,Purple
#981ab9,Purple
#971a93,Purple
#8815c0,Purple
#871c96,Purple
#9a06c0,Purple
#9509c0,Purple
#9206bc,Purple
#9e00a2,Purple
#97179e,Purple
#991ba0,Purple
#8d179d,Purple
#9e13ec,Purple
#8c16c3,Purple
#980880,Purple
#8309aa,Purple
#880ea3,Purple
#8d0ba3,Purple
#9919e4,Purple
#831f88,Purple
#9118e7,Purple
#8f03d9,Purple
#931eb2,Purple
#8817c9,Purple
#8b11a7,Purple
#98129a,Purple
#8104e8,Purple
#8805cf,Purple
#9d1892,Purple
#9b169e,Purple
#941cd7,Purple
#9c0e85,Purple
#83068e,Purple
#9c00c5,Purple
#9d18e7,Purple
#9817dd,Purple
#8802e2,Purple
#8504ca,Purple
#8c0c8e,Purple
#9a129c,Purple
#9905b8,Purple
#810aa3,Purple
#910f81,Purple
#8a1487,Purple
#911ed3,Purple
#850498,Purple
#8a15d3,Purple
#9e15c5,Purple
#951cc5,Purple
#9a14d9,Purple
#951abf,Purple
#831de0,Purple
#8004af,Purple
#960894,Purple
#841ded,Purple
#8e0797,Purple
#900e82,Purple
#a0059b,Purple
#900398,Purple
#8608c3,Purple
#9f1f99,Purple
#8901eb,Purple
#8804b4,Purple
#9d1786,Purple
#8f01bd,Purple
#931ea6,Purple
#9711a9,Purple
#8e02b9,Purple
#8c158d,Purple
#9817d5,Purple
#8a20bd,Purple
#851590,Purple
#880dc4,Purple
#910ce1,Purple
#006b00,Dark-Green
#006900,Dark-Green
#006d00,Dark-Green
#006c00,Dark-Green
#006400,Dark-Green
#006600,Dark-Green
#007300,Dark-Green
#006500,Dark-Green
#007100,Dark-Green
#007700,Dark-Green
#007200,Dark-Green
#007400,Dark-Green
#007c00,Dark-Green
#006b00,Dark-Green
#007500,Dark-Green
#007500,Dark-Green
#006b00,Dark-Green
#006b00,Dark-Green
#007300,Dark-Green
#006700,Dark-Green
#007d00,Dark-Green
#006c00,Dark-Green
#006800,Dark-Green
#006700,Dark-Green
#007900,Dark-Green
#007800,Dark-Green
#007800,Dark-Green
#007c00,Dark-Green
#007900,Dark-Green
#006e00,Dark-Green
#006c00,Dark-Green
#007d00,Dark-Green
#006500,Dark-Green
#006800,Dark-Green
#007700,Dark-Green
#007700,Dark-Green
#007100,Dark-Green
#006d00,Dark-Green
#006900,Dark-Green
#007200,Dark-Green
#006c00,Dark-Green
#007b00,Dark-Green
#006600,Dark-Green
#006c00,Dark-Green
#007900,Dark-Green
#006800,Dark-Green
#006400,Dark-Green
#007000,Dark-Green
#007f00,Dark-Green
#006d00,Dark-Green
#006b00,Dark-Green
#007a00,Dark-Green
#007400,Dark-Green
#007100,Dark-Green
#007d00,Dark-Green
#006800,Dark-Green
#007500,Dark-Green
#006f00,Dark-Green
#007800,Dark-Green
#007d00,Dark-Green
#008000,Dark-Green
#007800,Dark-Green
#006e00,Dark-Green
#007400,Dark-Green
#007700,Dark-Green
#006500,Dark-Green
#006500,Dark-Green
#006e00,Dark-Green
#007f00,Dark-Green
#006400,Dark-Green
#007b00,Dark-Green
#006400,Dark-Green
#006c00,Dark-Green
#007100,Dark-Green
#006e00,Dark-Green
#007600,Dark-Green
#007d00,Dark-Green
#006400,Dark-Green
#007800,Dark-Green
#008000,Dark-Green
#007600,Dark-Green
#007200,Dark-Green
#006e00,Dark-Green
#007000,Dark-Green
#007500,Dark-Green
#006c00,Dark-Green
#007400,Dark-Green
#006f00,Dark-Green
#006e00,Dark-Green
#007100,Dark-Green
#006a00,Dark-Green
#007300,Dark-Green
#007a00,Dark-Green
#007800,Dark-Green
#007100,Dark-Green
#006c00,Dark-Green
#007600,Dark-Green
#006a00,Dark-Green
#007d00,Dark-Green
#007500,Dark-Green
#006400,Dark-Green
#007d00,Dark-Green
#006500,Dark-Green
#006a00,Dark-Green
#007a00,Dark-Green
#008000,Dark-Green
#006400,Dark-Green
#007400,Dark-Green
#007500,Dark-Green
#006d00,Dark-Green
#006f00,Dark-Green
#006e00,Dark-Green
#006e00,Dark-Green
#006f00,Dark-Green
#007a00,Dark-Green
#006d00,Dark-Green
#007d00,Dark-Green
#007e00,Dark-Green
#007d00,Dark-Green
#007e00,Dark-Green
#007f00,Dark-Green
#006400,Dark-Green
#007900,Dark-Green
#006900,Dark-Green
#007d00,Dark-Green
#006600,Dark-Green
#007c00,Dark-Green
#006400,Dark-Green
#006900,Dark-Green
#006b00,Dark-Green
#007a00,Dark-Green
#007200,Dark-Green
#007b00,Dark-Green
#007c00,Dark-Green
#007900,Dark-Green
#007a00,Dark-Green
#007600,Dark-Green
#007100,Dark-Green
#006f00,Dark-Green
#006d00,Dark-Green
#006c00,Dark-Green
#007f00,Dark-Green
#006800,Dark-Green
#007200,Dark-Green
#007700,Dark-Green
#007300,Dark-Green
#007500,Dark-Green
#007900,Dark-Green
#007500,Dark-Green
#006b00,Dark-Green
#007900,Dark-Green
#007900,Dark-Green
#006f00,Dark-Green
#007b00,Dark-Green
#006400,Dark-Green
#007e00,Dark-Green
#007f00,Dark-Green
#006e00,Dark-Green
#007600,Dark-Green
#006f00,Dark-Green
#006c00,Dark-Green
#006900,Dark-Green
#006f00,Dark-Green
#007c00,Dark-Green
#007d00,Dark-Green
#006700,Dark-Green
#006500,Dark-Green
#007600,Dark-Green
#007700,Dark-Green
#006800,Dark-Green
#006800,Dark-Green
#006600,Dark-Green
#006d00,Dark-Green
#007800,Dark-Green
#007c00,Dark-Green
#006d00,Dark-Green
#007200,Dark-Green
#007c00,Dark-Green
#006500,Dark-Green
#006a00,Dark-Green
#006f00,Dark-Green
#006a00,Dark-Green
#007500,Dark-Green
#007900,Dark-Green
#007900,Dark-Green
#006600,Dark-Green
#007800,Dark-Green
#007700,Dark-Green
#006500,Dark-Green
#006700,Dark-Green
#007d00,Dark-Green
#007600,Dark-Green
#007800,Dark-Green
#007700,Dark-Green
#007f00,Dark-Green
#006c00,Dark-Green
#007800,Dark-Green
#007d00,Dark-Green
#007f00,Dark-Green
#006e00,Dark-Green
#008113,Green
#028705,Green
#0b8822,Green
#0e8108,Green
#0d8312,Green
#02841e,Green
#01880d,Green
#13870d,Green
#118302,Green
#108103,Green
#108615,Green
#068b1d,Green
#0a8920,Green
#008507,Green
#0d8010,Green
#1d8b0f,Green
#1a8907,Green
#1f8a00,Green
#06851f,Green
#228808,Green
#01880a,Green
#138008,Green
#18851a,Green
#188900,Green
#22820c,Green
#0c8b00,Green
#108822,Green
#018813,Green
#028b0e,Green
#0d801c,Green
#088219,Green
#138307,Green
#0d8122,Green
#0f800e,Green
#028509,Green
#028609,Green
#1c890a,Green
#188013,Green
#17880a,Green
#048016,Green
#038104,Green
#168905,Green
#1b890e,Green
#108b0a,Green
#168922,Green
#01801a,Green
#08841a,Green
#138820,Green
#048105,Green
#1e820f,Green
#178617,Green
#188722,Green
#038418,Green
#188609,Green
#0d810e,Green
#0a8518,Green
#1d8707,Green
#198407,Green
#1f8308,Green
#108a01,Green
#0a831d,Green
#028b06,Green
#138b11,Green
#1d8308,Green
#0e8522,Green
#1a8719,Green
#228718,Green
#1e8012,Green
#098214,Green
#088506,Green
#098208,Green
#1f8a22,Green
#138819,Green
#0b8210,Green
#1b8213,Green
#208821,Green
#21810b,Green
#1a801d,Green
#158a1f,Green
#0d8817,Green
#11860c,Green
#108b0a,Green
#0a8512,Green
#0f820a,Green
#1c8015,Green
#0a810c,Green
#158406,Green
#108a03,Green
#1d8804,Green
#008606,Green
#128120,Green
#168512,Green
#118400,Green
#088800,Green
#0c8814,Green
#018b1b,Green
#0e8720,Green
#008422,Green
#128707,Green
#048509,Green
#108007,Green
#0a8a1b,Green
#06821e,Green
#0e801c,Green
#0b8500,Green
#0e8611,Green
#10871f,Green
#1a8005,Green
#028612,Green
#008a10,Green
#088208,Green
#1c8013,Green
#1f8611,Green
#16851e,Green
#1f8407,Green
#18821f,Green
#038500,Green
#228409,Green
#00861b,Green
#14861e,Green
#18840e,Green
#17880e,Green
#20810d,Green
#13870f,Green
#048215,Green
#048108,Green
#038622,Green
#02820a,Green
#188204,Green
#0a8415,Green
#218a14,Green
#118101,Green
#218420,Green
#228803,Green
#1c830e,Green
#108417,Green
#038815,Green
#028505,Green
#0e8002,Green
#118b08,Green
#078b18,Green
#1d810e,Green
#11890c,Green
#0f850f,Green
#1b880d,Green
#008209,Green
#1a8915,Green
#088317,Green
#008706,Green
#0c821f,Green
#068505,Green
#118616,Green
#148605,Green
#0c8b00,Green
#168301,Green
#04850b,Green
#02830f,Green
#158b10,Green
#0f870c,Green
#208203,Green
#048a06,Green
#0b8815,Green
#0a8810,Green
#028309,Green
#1b890c,Green
#21871c,Green
#0a861c,Green
#0b850a,Green
#1d8019,Green
#028722,Green
#1d8404,Green
#058602,Green
#208515,Green
#038318,Green
#218a1c,Green
#028a13,Green
#1a801d,Green
#11841e,Green
#128305,Green
#0a8213,Green
#148202,Green
#0f8220,Green
#088b18,Green
#0f8b13,Green
#1c8319,Green
#0e860c,Green
#018121,Green
#1e8808,Green
#00821e,Green
#09800c,Green
#048b14,Green
#1e8a16,Green
#068201,Green
#018401,Green
#098b1a,Green
#228a03,Green
#19800f,Green
#0c8a1d,Green
#1a8a1f,Green
#118b1a,Green
#98ef96,Light-Green
#95f692,Light-Green
#96f395,Light-Green
#91f096,Light-Green
#97f694,Light-Green
#90f092,Light-Green
#90fa94,Light-Green
#91fb98,Light-Green
#90f990,Light-Green
#94fb90,Light-Green
#97f295,Light-Green
#93f794,Light-Green
#95ee91,Light-Green
#91f893,Light-Green
#94ee96,Light-Green
#94ef95,Light-Green
#95f997,Light-Green
#90ef95,Light-Green
#93f995,Light-Green
#95f995,Light-Green
#98f292,Light-Green
#95ee97,Light-Green
#92f598,Light-Green
#98f690,Light-Green
#91ee90,Light-Green
#94ef96,Light-Green
#98f791,Light-Green
#96f190,Light-Green
#91f091,Light-Green
#94f091,Light-Green
#90ef93,Light-Green
#90f096,Light-Green
#96ee98,Light-Green
#94f798,Light-Green
#97ef93,Light-Green
#93fb93,Light-Green
#96f491,Light-Green
#95f094,Light-Green
#98f292,Light-Green
#90fa95,Light-Green
#91f293,Light-Green
#93fa92,Light-Green
#96f496,Light-Green
#94f790,Light-Green
#94f596,Light-Green
#93ef91,Light-Green
#96f696,Light-Green
#98f991,Light-Green
#96f395,Light-Green
#92f298,Light-Green
#90fa95,Light-Green
#92f893,Light-Green
#96f396,Light-Green
#92ef90,Light-Green
#97f498,Light-Green
#96f794,Light-Green
#96f090,Light-Green
#97f892,Light-Green
#90f498,Light-Green
#94f398,Light-Green
#96f492,Light-Green
#94ef92,Light-Green
#94f493,Light-Green
#91f894,Light-Green
#98ee92,Light-Green
#97f793,Light-Green
#98fb94,Light-Green
#96f890,Light-Green
#95f097,Light-Green
#95f796,Light-Green
#93f295,Light-Green
#95ef97,Light-Green
#94f193,Light-Green
#96fb97,Light-Green
#98f093,Light-Green
#95f292,Light-Green
#93f195,Light-Green
#95ee97,Light-Green
#97f095,Light-Green
#92f598,Light-Green
#94fa94,Light-Green
#98f298,Light-Green
#98f395,Light-Green
#92f790,Light-Green
#96f990,Light-Green
#90f292,Light-Green
#95f496,Light-Green
#93f493,Light-Green
#95f094,Light-Green
#97ef96,Light-Green
#90f897,Light-Green
#94fb94,Light-Green
#90f694,Light-Green
#96f590,Light-Green
#97ef98,Light-Green
#98f191,Light-Green
#94f296,Light-Green
#90f391,Light-Green
#98f696,Light-Green
#97f194,Light-Green
#97f694,Light-Green
#91f290,Light-Green
#91f890,Light-Green
#92fb95,Light-Green
#90f491,Light-Green
#93f598,Light-Green
#92f791,Light-Green
#90fa95,Light-Green
#93ef94,Light-Green
#95ee97,Light-Green
#94f893,Light-Green
#97ef91,Light-Green
#96f597,Light-Green
#95f292,Light-Green
#92f195,Light-Green
#97f793,Light-Green
#90f392,Light-Green
#98f397,Light-Green
#90f992,Light-Green
#93fb97,Light-Green
#97f697,Light-Green
#91f991,Light-Green
#90f798,Light-Green
#94f997,Light-Green
#96ee96,Light-Green
#94f992,Light-Green
#95f490,Light-Green
#95f697,Light-Green
#95f997,Light-Green
#98f595,Light-Green
#90f593,Light-Green
#94f394,Light-Green
#91f293,Light-Green
#91fb97,Light-Green
#93f996,Light-Green
#94ef98,Light-Green
#94f598,Light-Green
#92fa93,Light-Green
#91ee95,Light-Green
#94f990,Light-Green
#90ef90,Light-Green
#98fb91,Light-Green
#94f395,Light-Green
#91ee95,Light-Green
#90ee95,Light-Green
#93fb96,Light-Green
#91f695,Light-Green
#97f292,Light-Green
#98f793,Light-Green
#96f897,Light-Green
#92f991,Light-Green
#90f298,Light-Green
#98ef95,Light-Green
#95f394,Light-Green
#97f296,Light-Green
#97f697,Light-Green
#98f896,Light-Green
#91f996,Light-Green
#92ef96,Light-Green
#94f798,Light-Green
#96f590,Light-Green
#93f892,Light-Green
#97f392,Light-Green
#92ef93,Light-Green
#98ee95,Light-Green
#93f694,Light-Green
#98f595,Light-Green
#97f196,Light-Green
#96f190,Light-Green
#97f091,Light-Green
#98f296,Light-Green
#94f994,Light-Green
#90f593,Light-Green
#94f191,Light-Green
#96f397,Light-Green
#96f391,Light-Green
#94f291,Light-Green
#92f993,Light-Green
#98f597,Light-Green
#93f297,Light-Green
#96f195,Light-Green
#93f691,Light-Green
#98f791,Light-Green
#92f593,Light-Green
#91fb98,Light-Green
#97fb90,Light-Green
#95f092,Light-Green
#92ef90,Light-Green
#96f894,Light-Green
#91f095,Light-Green
#98f695,Light-Green
#96f794,Light-Green
#90f494,Light-Green
#92f696,Light-Green
#90f691,Light-Green
#93f090,Light-Green
#97f496,Light-Green
#92f590,Light-Green
#96ef91,Light-Green
#95f297,Light-Green
#ffff06,Yellow
#ffff09,Yellow
#ffff2e,Yellow
#ffff08,Yellow
#ffff3b,Yellow
#ffff08,Yellow
#ffff0b,Yellow
#ffff49,Yellow
#ffff40,Yellow
#ffff10,Yellow
#ffff2f,Yellow
#ffff60,Yellow
#ffff5b,Yellow
#ffff19,Yellow
#ffff1f,Yellow
#ffff32,Yellow
#ffff39,Yellow
#ffff1e,Yellow
#ffff39,Yellow
#ffff3e,Yellow
#ffff62,Yellow
#ffff19,Yellow
#ffff2f,Yellow
#ffff09,Yellow
#ffff62,Yellow
#ffff30,Yellow
#ffff01,Yellow
#ffff1b,Yellow
#ffff26,Yellow
#ffff47,Yellow
#ffff04,Yellow
#ffff36,Yellow
#ffff5d,Yellow
#ffff52,Yellow
#ffff00,Yellow
#ffff35,Yellow
#ffff4c,Yellow
#ffff5c,Yellow
#ffff43,Yellow
#ffff31,Yellow
#ffff55,Yellow
#ffff3e,Yellow
#ffff60,Yellow
#ffff1c,Yellow
#ffff42,Yellow
#ffff64,Yellow
#ffff4e,Yellow
#ffff17,Yellow
#ffff2a,Yellow
#ffff1b,Yellow
#ffff34,Yellow
#ffff40,Yellow
#ffff12,Yellow
#ffff12,Yellow
#ffff0c,Yellow
#ffff36,Yellow
#ffff16,Yellow
#ffff47,Yellow
#ffff0c,Yellow
#ffff1a,Yellow
#ffff4e,Yellow
#ffff15,Yellow
#ffff1e,Yellow
#ffff3d,Yellow
#ffff54,Yellow
#ffff42,Yellow
#ffff48,Yellow
#ffff07,Yellow
#ffff19,Yellow
#ffff16,Yellow
#ffff07,Yellow
#ffff60,Yellow
#ffff40,Yellow
#ffff0a,Yellow
#ffff32,Yellow
#ffff3a,Yellow
#ffff36,Yellow
#ffff09,Yellow
#ffff50,Yellow
#ffff45,Yellow
#ffff43,Yellow
#ffff51,Yellow
#ffff44,Yellow
#ffff1b,Yellow
#ffff03,Yellow
#ffff05,Yellow
#ffff46,Yellow
#ffff18,Yellow
#ffff44,Yellow
#ffff1a,Yellow
#ffff5c,Yellow
#ffff35,Yellow
#ffff03,Yellow
#ffff37,Yellow
#ffff5b,Yellow
#ffff3a,Yellow
#ffff4d,Yellow
#ffff50,Yellow
#ffff3e,Yellow
#ffff56,Yellow
#ffff29,Yellow
#ffff17,Yellow
#ffff4b,Yellow
#ffff18,Yellow
#ffff59,Yellow
#ffff50,Yellow
#ffff17,Yellow
#ffff48,Yellow
#ffff4e,Yellow
#ffff44,Yellow
#ffff00,Yellow
#ffff14,Yellow
#ffff3b,Yellow
#ffff4e,Yellow
#ffff19,Yellow
#ffff26,Yellow
#ffff3f,Yellow
#ffff57,Yellow
#ffff19,Yellow
#ffff59,Yellow
#ffff62,Yellow
#ffff1a,Yellow
#ffff3d,Yellow
#ffff45,Yellow
#ffff36,Yellow
#ffff4e,Yellow
#ffff23,Yellow
#ffff05,Yellow
#ffff29,Yellow
#ffff0f,Yellow
#ffff47,Yellow
#ffff2c,Yellow
#ffff3f,Yellow
#ffff43,Yellow
#ffff02,Yellow
#ffff38,Yellow
#ffff30,Yellow
#ffff30,Yellow
#ffff3c,Yellow
#ffff4c,Yellow
#ffff27,Yellow
#ffff30,Yellow
#ffff65,Yellow
#ffff57,Yellow
#ffff24,Yellow
#ffff41,Yellow
#ffff47,Yellow
#ffff41,Yellow
#ffff63,Yellow
#ffff0b,Yellow
#ffff01,Yellow
#ffff22,Yellow
#ffff66,Yellow
#ffff11,Yellow
#ffff02,Yellow
#ffff5b,Yellow
#ffff27,Yellow
#ffff42,Yellow
#ffff4b,Yellow
#ffff01,Yellow
#ffff37,Yellow
#ffff1a,Yellow
#ffff40,Yellow
#ffff4d,Yellow
#ffff3a,Yellow
#ffff5c,Yellow
#ffff4f,Yellow
#ffff1c,Yellow
#ffff5b,Yellow
#ffff46,Yellow
#ffff31,Yellow
#ffff00,Yellow
#ffff45,Yellow
#ffff23,Yellow
#ffff52,Yellow
#ffff09,Yellow
#ffff1e,Yellow
#ffff33,Yellow
#ffff22,Yellow
#ffff05,Yellow
#ffff17,Yellow
#ffff10,Yellow
#ffff31,Yellow
#ffff08,Yellow
#ffff28,Yellow
#ffff02,Yellow
#ffff4a,Yellow
#ffff0d,Yellow
#ffff10,Yellow
#ffff20,Yellow
#ffff5f,Yellow
#ffff42,Yellow
#ffff10,Yellow
#ffff42,Yellow
#ffff10,Yellow
#ffff1c,Yellow
#ffff18,Yellow
#ffff3e,Yellow
#ffff1f,Yellow
#ffff5b,Yellow
#ff9e00,Orange
#ff9500,Orange
#ffa100,Orange
#ffa100,Orange
#ff9a00,Orange
#ff9800,Orange
#ff9500,Orange
#ff8d00,Orange
#ff9900,Orange
#ff9100,Orange
#ff9800,Orange
#ff8d00,Orange
#ff9c00,Orange
#ff9300,Orange
#ff9b00,Orange
#ffa300,Orange
#ff8d00,Orange
#ff8f00,Orange
#ffa300,Orange
#ff9a00,Orange
#ffa400,Orange
#ff9d00,Orange
#ff9100,Orange
#ffa300,Orange
#ffa500,Orange
#ff9f00,Orange
#ffa500,Orange
#ff9a00,Orange
#ff9f00,Orange
#ff9400,Orange
#ffa100,Orange
#ff9a00,Orange
#ff9100,Orange
#ff9500,Orange
#ff9600,Orange
#ff9e00,Orange
#ff9d00,Orange
#ff8e00,Orange
#ffa200,Orange
#ff9100,Orange
#ff9200,Orange
#ffa100,Orange
#ffa400,Orange
#ff9700,Orange
#ffa500,Orange
#ff9100,Orange
#ff9a00,Orange
#ff9200,Orange
#ff8f00,Orange
#ffa400,Orange
#ff9300,Orange
#ff9600,Orange
#ff9f00,Orange
#ff9800,Orange
#ffa100,Orange
#ff9100,Orange
#ff9400,Orange
#ff9200,Orange
#ff8d00,Orange
#ff8c00,Orange
#ffa200,Orange
#ff9600,Orange
#ff9500,Orange
#ff9900,Orange
#ffa500,Orange
#ffa200,Orange
#ff9300,Orange
#ffa400,Orange
#ff9800,Orange
#ff8f00,Orange
#ff9600,Orange
#ff9400,Orange
#ff9100,Orange
#ffa500,Orange
#ff9b00,Orange
#ff9400,Orange
#ff8f00,Orange
#ff8c00,Orange
#ff9000,Orange
#ff9800,Orange
#ffa100,Orange
#ff8f00,Orange
#ff9600,Orange
#ff9600,Orange
#ff9300,Orange
#ff9600,Orange
#ff9100,Orange
#ffa100,Orange
#ff9e00,Orange
#ff9300,Orange
#ff8f00,Orange
#ffa400,Orange
#ffa000,Orange
#ff9000,Orange
#ff8f00,Orange
#ff8f00,Orange
#ff9500,Orange
#ffa200,Orange
#ff9500,Orange
#ff9000,Orange
#ff9700,Orange
#ff9300,Orange
#ffa400,Orange
#ff8d00,Orange
#ff8c00,Orange
#ff9d00,Orange
#ffa000,Orange
#ff8f00,Orange
#ff8f00,Orange
#ffa300,Orange
#ff9600,Orange
#ff8c00,Orange
#ff9300,Orange
#ff9b00,Orange
#ff9100,Orange
#ff9f00,Orange
#ffa000,Orange
#ffa100,Orange
#ff9000,Orange
#ff9000,Orange
#ff9000,Orange
#ff9a00,Orange
#ff8d00,Orange
#ffa500,Orange
#ff8e00,Orange
#ffa400,Orange
#ff9900,Orange
#ff9f00,Orange
#ff9b00,Orange
#ff9600,Orange
#ff8e00,Orange
#ff9600,Orange
#ff9800,Orange
#ff9c00,Orange
#ff9b00,Orange
#ff9a00,Orange
#ff9c00,Orange
#ff9200,Orange
#ff9700,Orange
#ffa500,Orange
#ffa100,Orange
#ff9a00,Orange
#ffa300,Orange
#ff9800,Orange
#ff9100,Orange
#ff9d00,Orange
#ffa200,Orange
#ff9100,Orange
#ff9700,Orange
#ff9e00,Orange
#ff9300,Orange
#ff9f00,Orange
#ffa100,Orange
#ffa500,Orange
#ff9300,Orange
#ff8c00,Orange
#ffa400,Orange
#ffa300,Orange
#ff9a00,Orange
#ff8f00,Orange
#ff9a00,Orange
#ff9200,Orange
#ff8d00,Orange
#ff9f00,Orange
#ff9a00,Orange
#ff9400,Orange
#ff9c00,Orange
#ff9a00,Orange
#ff8d00,Orange
#ff9100,Orange
#ff9b00,Orange
#ff9900,Orange
#ff8c00,Orange
#ffa000,Orange
#ffa000,Orange
#ff9c00,Orange
#ffa400,Orange
#ffa400,Orange
#ff9200,Orange
#ffa300,Orange
#ff9a00,Orange
#ffa300,Orange
#ff8c00,Orange
#ffa100,Orange
#ff9100,Orange
#ff9800,Orange
#ff8e00,Orange
#ff9600,Orange
#ffa500,Orange
#ff9000,Orange
#ff9700,Orange
#ffa500,Orange
#ffa000,Orange
#ff9a00,Orange
#ff9600,Orange
#ffa100,Orange
#ff8c00,Orange
#ffa200,Orange
#ffa000,Orange
#ff9c00,Orange
#ffdcb4,Peach
#ffddb4,Peach
#ffdcb4,Peach
#ffddb4,Peach
#ffddb4,Peach
#ffdbb4,Peach
#ffdcb4,Peach
#ffdeb4,Peach
#ffe1b4,Peach
#ffdcb4,Peach
#ffdcb4,Peach
#ffddb4,Peach
#ffdcb4,Peach
#ffdab4,Peach
#ffe2b4,Peach
#ffe0b4,Peach
#ffdbb4,Peach
#ffdab4,Peach
#ffdbb4,Peach
#ffdab4,Peach
#ffe0b4,Peach
#ffdcb4,Peach
#ffddb4,Peach
#ffe5b4,Peach
#ffdeb4,Peach
#ffe4b4,Peach
#ffe2b4,Peach
#ffe0b4,Peach
#ffe3b4,Peach
#ffdfb4,Peach
#ffdab4,Peach
#ffe4b4,Peach
#ffdfb4,Peach
#ffe5b4,Peach
#ffe1b4,Peach
#ffdab4,Peach
#ffe4b4,Peach
#ffe3b4,Peach
#ffe4b4,Peach
#ffe2b4,Peach
#ffdab4,Peach
#ffddb4,Peach
#ffe5b4,Peach
#ffdbb4,Peach
#ffe0b4,Peach
#ffe2b4,Peach
#ffe1b4,Peach
#ffe0b4,Peach
#ffddb4,Peach
#ffdeb4,Peach
#ffddb4,Peach
#ffe2b4,Peach
#ffdfb4,Peach
#ffdeb4,Peach
#ffe3b4,Peach
#ffdeb4,Peach
#ffe4b4,Peach
#ffe3b4,Peach
#ffdfb4,Peach
#ffe1b4,Peach
#ffe2b4,Peach
#ffdcb4,Peach
#ffe4b4,Peach
#ffe3b4,Peach
#ffdfb4,Peach
#ffe2b4,Peach
#ffe5b4,Peach
#ffe2b4,Peach
#ffdeb4,Peach
#ffdfb4,Peach
#ffe0b4,Peach
#ffdbb4,Peach
#ffddb4,Peach
#ffe1b4,Peach
#ffe5b4,Peach
#ffe4b4,Peach
#ffdeb4,Peach
#ffddb4,Peach
#ffdfb4,Peach
#ffe4b4,Peach
#ffdbb4,Peach
#ffe2b4,Peach
#ffe1b4,Peach
#ffdbb4,Peach
#ffddb4,Peach
#ffe4b4,Peach
#ffddb4,Peach
#ffe3b4,Peach
#ffe4b4,Peach
#ffdbb4,Peach
#ffdbb4,Peach
#ffe3b4,Peach
#ffe5b4,Peach
#ffe4b4,Peach
#ffdbb4,Peach
#ffdeb4,Peach
#ffdab4,Peach
#ffdcb4,Peach
#ffe5b4,Peach
#ffe0b4,Peach
#ffe2b4,Peach
#ffe0b4,Peach
#ffe4b4,Peach
#ffe5b4,Peach
#ffdbb4,Peach
#ffe2b4,Peach
#ffddb4,Peach
#ffdbb4,Peach
#ffdeb4,Peach
#ffe2b4,Peach
#ffe3b4,Peach
#ffe0b4,Peach
#ffdab4,Peach
#ffe1b4,Peach
#ffdab4,Peach
#ffe4b4,Peach
#ffdfb4,Peach
#ffdbb4,Peach
#ffe0b4,Peach
#ffe2b4,Peach
#ffdab4,Peach
#ffdeb4,Peach
#ffe2b4,Peach
#ffe2b4,Peach
#ffe4b4,Peach
#ffdab4,Peach
#ffe2b4,Peach
#ffe0b4,Peach
#ffe3b4,Peach
#ffe5b4,Peach
#ffe2b4,Peach
#ffe4b4,Peach
#ffdcb4,Peach
#ffe0b4,Peach
#ffe1b4,Peach
#ffdeb4,Peach
#ffddb4,Peach
#ffdcb4,Peach
#ffdeb4,Peach
#ffdcb4,Peach
#ffdeb4,Peach
#ffdfb4,Peach
#ffe2b4,Peach
#ffe1b4,Peach
#ffe4b4,Peach
#ffe4b4,Peach
#ffddb4,Peach
#ffe5b4,Peach
#ffdab4,Peach
#ffdcb4,Peach
#ffe2b4,Peach
#ffdab4,Peach
#ffddb4,Peach
#ffddb4,Peach
#ffddb4,Peach
#ffe2b4,Peach
#ffe5b4,Peach
#ffddb4,Peach
#ffdcb4,Peach
#ffdeb4,Peach
#ffdeb4,Peach
#ffe1b4,Peach
#ffe5b4,Peach
#ffdab4,Peach
#ffdbb4,Peach
#ffdcb4,Peach
#ffdeb4,Peach
#ffe5b4,Peach
#ffe5b4,Peach
#ffdcb4,Peach
#ffe5b4,Peach
#ffe0b4,Peach
#ffdbb4,Peach
#ffe2b4,Peach
#ffdab4,Peach
#ffe1b4,Peach
#ffdeb4,Peach
#ffdfb4,Peach
#ffdab4,Peach
#ffe1b4,Peach
#ffdbb4,Peach
#ffe2b4,Peach
#ffdfb4,Peach
#ffe1b4,Peach
#ffe0b4,Peach
#ffe1b4,Peach
#ffdcb4,Peach
#ffe1b4,Peach
#ffe0b4,Peach
#ffdab4,Peach
#ffdcb4,Peach
#ffe0b4,Peach
#ffe1b4,Peach
#ffdeb4,Peach
#ffdbb4,Peach
#ffe4b4,Peach
#ffddb4,Peach
#ffe5b4,Peach
#ffe3b4,Peach
#ffe2b4,Peach
#ffd952,Gold
#ffd704,Gold
#ffdf2d,Gold
#ffda0d,Gold
#ffdc06,Gold
#ffdb58,Gold
#ffd815,Gold
#ffdd30,Gold
#ffda33,Gold
#ffd93f,Gold
#ffdc31,Gold
#ffdd08,Gold
#ffd839,Gold
#ffdd10,Gold
#ffd742,Gold
#ffdb06,Gold
#ffdc46,Gold
#ffdf11,Gold
#ffd762,Gold
#ffdc5f,Gold
#ffdf24,Gold
#ffd92f,Gold
#ffd829,Gold
#ffd81a,Gold
#ffd84b,Gold
#ffd914,Gold
#ffdf2b,Gold
#ffda56,Gold
#ffdb65,Gold
#ffdb3a,Gold
#ffdb2c,Gold
#ffdc3f,Gold
#ffde5d,Gold
#ffd75b,Gold
#ffd80f,Gold
#ffdd42,Gold
#ffd840,Gold
#ffdf1f,Gold
#ffd93f,Gold
#ffdb5f,Gold
#ffd848,Gold
#ffd846,Gold
#ffd957,Gold
#ffda60,Gold
#ffd747,Gold
#ffdb3b,Gold
#ffde45,Gold
#ffdf5a,Gold
#ffde26,Gold
#ffde5c,Gold
#ffdd04,Gold
#ffdd35,Gold
#ffdb20,Gold
#ffda1a,Gold
#ffdc3d,Gold
#ffde63,Gold
#ffd81b,Gold
#ffde02,Gold
#ffd844,Gold
#ffdf4d,Gold
#ffd709,Gold
#ffdb22,Gold
#ffd951,Gold
#ffd85c,Gold
#ffdf1d,Gold
#ffd924,Gold
#ffdb16,Gold
#ffdf21,Gold
#ffdc13,Gold
#ffde03,Gold
#ffd831,Gold
#ffdf62,Gold
#ffde2a,Gold
#ffd755,Gold
#ffd70e,Gold
#ffdb50,Gold
#ffde1a,Gold
#ffde16,Gold
#ffd903,Gold
#ffda58,Gold
#ffdb52,Gold
#ffd943,Gold
#ffdd08,Gold
#ffdd2c,Gold
#ffdf15,Gold
#ffdc5d,Gold
#ffdc34,Gold
#ffda09,Gold
#ffd856,Gold
#ffd711,Gold
#ffd843,Gold
#ffd95c,Gold
#ffde5d,Gold
#ffde5d,Gold
#ffdf0e,Gold
#ffde23,Gold
#ffde18,Gold
#ffdd28,Gold
#ffdd1c,Gold
#ffd807,Gold
#ffdd44,Gold
#ffd723,Gold
#ffdf3f,Gold
#ffde5b,Gold
#ffd83c,Gold
#ffdc51,Gold
#ffd71b,Gold
#ffdb2e,Gold
#ffd84b,Gold
#ffdd31,Gold
#ffd94f,Gold
#ffde43,Gold
#ffdd21,Gold
#ffda10,Gold
#ffda3b,Gold
#ffde59,Gold
#ffd836,Gold
#ffdf57,Gold
#ffde4e,Gold
#ffdc40,Gold
#ffdd5d,Gold
#ffdb09,Gold
#ffdb59,Gold
#ffde66,Gold
#ffd707,Gold
#ffdc56,Gold
#ffdd1c,Gold
#ffdc26,Gold
#ffdc17,Gold
#ffd727,Gold
#ffde5a,Gold
#ffd901,Gold
#ffd758,Gold
#ffda0c,Gold
#ffd94f,Gold
#ffd804,Gold
#ffd851,Gold
#ffdb15,Gold
#ffdf64,Gold
#ffdd07,Gold
#ffdc56,Gold
#ffda18,Gold
#ffd711,Gold
#ffdf5c,Gold
#ffdb5b,Gold
#ffd811,Gold
#ffdb4a,Gold
#ffde0a,Gold
#ffd734,Gold
#ffd965,Gold
#ffdf2e,Gold
#ffdb16,Gold
#ffd91f,Gold
#ffdc5a,Gold
#ffdb23,Gold
#ffdf5f,Gold
#ffd964,Gold
#ffdb14,Gold
#ffdd41,Gold
#ffd81b,Gold
#ffde15,Gold
#ffdb0e,Gold
#ffd941,Gold
#ffd845,Gold
#ffd762,Gold
#ffdf59,Gold
#ffd901,Gold
#ffdc57,Gold
#ffda33,Gold
#ffd75a,Gold
#ffdd27,Gold
#ffde15,Gold
#ffdf3a,Gold
#ffd837,Gold
#ffd75f,Gold
#ffde10,Gold
#ffdf28,Gold
#ffd91e,Gold
#ffd854,Gold
#ffd833,Gold
#ffd92c,Gold
#ffde41,Gold
#ffde5b,Gold
#ffde62,Gold
#ffde32,Gold
#ffdd5a,Gold
#ffde31,Gold
#ffd710,Gold
#ffd74f,Gold
#ffd841,Gold
#ffdb61,Gold
#ffda0f,Gold
#ffd921,Gold
#ffdf58,Gold
#ffd747,Gold
#ffd712,Gold
#ffda1f,Gold
#ffde51,Gold
#ffdd21,Gold
#ffda39,Gold
